product_code,category,product,unit_cost,unit_price,product_id
AGUACALIENTE,Agua,Agua caliente 1,56.0,100,1
7798164280033,Agua,Agua de Las Misiones x 1500 ml,130.83,200,2
7798065733454,Agua,Agua mineral  Sierra de los Padres  600ml,60.0,100,3
7790895647703,Agua,Agua Mineral Benedictino 2 L,150.0,280,4
7792758251508,Agua,"Agua Mineral Bio Sports 1,5L",101.563,150,5
7792758250501,Agua,Agua Mineral H2O 500ml,56.0,100,6
7798113301611,Agua,Agua Mineral Natural Villamanaos 2000ml,73.0,150,7
7798065730040,Agua,Agua Mineral Secco 500ml,56.0,100,8
7790895648564,Agua,Agua Mineral Sin Gas Benedictino 3L,120.0,350,9
7790895647741,Agua,Agua Mineral sin Gas Benedictino 600cc ,65.0,180,10
7790315000149,Agua,"Agua Mineral Villa del Sur 1,65ml",76.0,150,11
7798178040104,Agua,Agua Vitalíssima 500 ml,55.333,100,12
7798164280019,Agua,Aguas de Las Misiones 500ml,56.0,100,13
7798065733485,Agua,"Sierra de los Padres 1,5L",124.0,160,14
7798065730033,Agua,Sierra de Los Padres Agua Mineral Natural,124.0,200,15
7798113300270,Agua,Villamanaos 600ml,36.0,100,16
7798178040111,Agua,"Vitalisima 1,5 L",94.0,150,17
7790895003301,Agua Saborizada,Aquarius Manzana 2250ml,416.66,530,18
7790895003325,Agua Saborizada,Aquarius Naranja 2250ml,416.66,530,19
7790895003295,Agua Saborizada,Aquarius Pera 2250ml,416.66,530,20
7790895646621,Agua Saborizada,Aquarius Pomelo 2250ml,416.66,530,21
7790895003288,Agua Saborizada,Aquarius Pomelo 2250ml,416.66,530,22
7790895004971,Agua Saborizada,Aquarius Pomelo Rosado 2250ml,416.66,530,23
7790036001647,Agua Saborizada,Baggio Fresh Manzana Liviano 1500ml,211.66,320,24
7790036975405,Agua Saborizada,Baggio Fresh Manzana Liviano 200ml,49.0,70,25
7790036001678,Agua Saborizada,Baggio Fresh Mix Frutal 1500ml,211.66,320,26
7790036001562,Agua Saborizada,Baggio Fresh Naranja 1500ml,211.66,320,27
7790036975382,Agua Saborizada,Baggio Fresh Naranja Dulce Liviano 1500ml,211.66,320,28
7790036975412,Agua Saborizada,Baggio Fresh Naranja Liviano 200ml,49.0,70,29
7790036001579,Agua Saborizada,Baggio Fresh Pomelo 1500ml,211.66,320,30
7792758372111,Agua Saborizada,"Bio Balance Manzana 1,5L",0.0,150,31
7790315101327,Agua Saborizada,Levité Ananá 2250ml,175.0,250,32
7790315101099,Agua Saborizada,Levité Manzana  2500ml,204.0,250,33
7790315000880,Agua Saborizada,Levité Manzana 2250ml,175.0,260,34
7798062544701,Agua Saborizada,Levité Naranja 1000ml,90.0,120,35
7798062540291,Agua Saborizada,Levité Naranja 2250ml,175.0,260,36
7798062540284,Agua Saborizada,Levité Pomelo 2250ml,171.0,260,37
7798065730361,Agua Saborizada,Sierra de Los Padres Manzana 1500ml,190.0,300,38
7798065731030,Agua Saborizada,Sierra de Los Padres Manzana 2250ml,302.0,400,39
7798065730323,Agua Saborizada,Sierra de Los Padres Naranja 1500ml,190.0,300,40
7798065730323,Agua Saborizada,Sierra de Los Padres Naranja 1500ml,190.0,300,41
7798065731009,Agua Saborizada,Sierra de Los Padres Naranja 2250ml,302.0,400,42
7798065730330,Agua Saborizada,Sierra de Los Padres Naranja 500ml,73.0,100,43
7798065730347,Agua Saborizada,Sierra de Los Padres Pomelo 1500 ml,190.0,300,44
7798065730347,Agua Saborizada,Sierra de Los Padres Pomelo 1500ml,190.0,300,45
7798065730989,Agua Saborizada,Sierra de los Padres Pomelo 2250ml,302.0,400,46
7790036975405,Agua Saborizada,Sierra de Los Padres Pomelo 500ml,73.0,100,47
7790950000160,Aperitivo,Americano Gancia 950 ml ,699.0,1100,48
7790950138870,Aperitivo,Americano Gancia Americano 1250ml,850.0,1550,49
7891136057029,Aperitivo,Aperol 750ml,1399.0,1750,50
7891136052000,Aperitivo,Campari 750ml,1600.0,2000,51
7790290008192,Aperitivo,Carpano Rosso 950ml,999.98,1250,52
7791200200552,Aperitivo,CinZano Vermouth Rosso 1000ml,1099.0,1350,53
7790950140859,Aperitivo,Dr Lemon Pomelo 473ml,290.0,400,54
7790950202823,Aperitivo,Dr Lemon Vodka 473ml,290.0,400,55
7790950202816,Aperitivo,Dr. Lemon Limon 473 ml,290.0,400,56
7798113300508,Aperitivo,Fernandito 1000ml,158.33,230,57
7798113300515,Aperitivo,Fernandito Doble 1L,158.33,230,58
7793653231602,Aperitivo,Fernando 1L,158.33,230,59
7790290001179,Aperitivo,Fernet Branca 450ml,1162.2,1700,60
7790290101602,Aperitivo,Fernet Branca 750 cc,1350.0,1800,61
7791540053184,Aperitivo,Frizzé Blue Evolution 1000ml,210.0,280,62
7790950134810,Aperitivo,Martini Rosso 1000ml,1199.0,1500,63
7791250003189,Aperitivo,Smirnoff Ice  Red Berries 473 ml,400.0,550,64
7790950135992,Aperitivo,"Terma Citrus Hierbabuena y Enebro 1,35 L",169.0,350,65
7790950133257,Aperitivo,"Terma Pomelo Quina & Cuasia 1,35 L",234.11,350,66
7790950141610,Aperitivo,"Terma Pomelo Rosado Peperina y Coriandro 1,35 L",237.99,350,67
7790950133363,Aperitivo,"Terma Pomelo Rosado Peperina y Coriandro 1,35 L",234.11,350,68
7791200004624,Bebida Blanca,Bols Café al Coñac 200ml,400.0,500,69
77908377,Bebida Blanca,Café al Coñac Cusenier  20 cl,300.0,450,70
77975225,Bebida Blanca,Criadores 195ml,488.0,650,71
7790121001262,Bebida Blanca,CuernaVaca Tequila 1000ml,488.0,650,72
7792410008228,Bebida Blanca,Licor Cusenier Blue Curacao 700ml,900.0,1200,73
7790121000951,Bebida Blanca,Licor fino Bar & Pub's Chocolate 200ml,210.0,500,74
7790121000968,Bebida Blanca,Licor fino Bar & Pub's Dulce de Leche 200ml,210.0,500,75
7790121001569,Bebida Blanca,Ron Blanco New Style 1000ml,450.0,600,76
7791200000213,Bebida Blanca,Skyy Vodka 750ml,713.0,950,77
7791250001864,Bebida Blanca,Smirnoff Citrus 700ml,900.0,1200,78
7791250003103,Bebida Blanca,Smirnoff Tangerine & Lemongrass 700ml,900.0,1200,79
7791250002243,Bebida Blanca,Smirnoff Watermelon 700ml,900.0,1200,80
7791250002984,Bebida Blanca,VAT 69 Apple Vibe 700ml,1900.0,2600,81
7791250002977,Bebida Blanca,VAT 69 Blended Scotch Whisky 750ml,1900.0,2600,82
7791250002632,Bebida Blanca,VAT 69 Guaraná Storm 750ml,1900.0,2600,83
7791560001158,Bebida Blanca,Whisky Añejo Doble-V 1000ml,600.0,800,84
954456325874,Carga,Carga Virtual,1.0,1,85
7793147572044,Cerveza,Amstel  473ml,260.23,350,86
7792798012572,Cerveza,Andes Fresquita Mendocina 473ml,214.86,350,87
7792798005888,Cerveza,Brahma  473ml,252.91,350,88
7792798011421,Cerveza,Brahma Dorada Lata 473 cm3,274.81,360,89
7792798007493,Cerveza,Brahma Retornable 1000ml,511.85,600,90
7793147118822,Cerveza,Budweiser 473 cc,242.49,320,91
7792798004652,Cerveza,Budweiser King of Beers 410cc,220.83,300,92
7792798003624,Cerveza,Budweiser King of Beers 710cc,490.39,450,93
7793147001056,Cerveza,Budweiser Retornable 1000ml,451.66,550,94
7792798010509,Cerveza,Combo Quilmes 5x 473 ml + Vaso Murphy,1299.99,1800,95
7796930001844,Cerveza,Cooler Corona ,15000.0,19000,96
7792798003716,Cerveza,Corona  710ml,650.0,850,97
7792798003709,Cerveza,Corona 330ml,411.0,500,98
7792798012435,Cerveza,Corona 410ml,366.66,480,99
7792798009749,Cerveza,Corona-Frapera-Tabla-Destapador,3500.0,5500,100
7792798011483,Cerveza,ESH,1399.99,1800,101
7792798003839,Cerveza,FRAPERA BUDWEISSER METAL,2800.0,5500,102
7792798012367,Cerveza,Frapera Metal Corona,4800.0,5800,103
FRAPERABRAHMA,Cerveza,Frapera Plática Brahma roja,1200.0,2700,104
FRAPERASTELLA,Cerveza,Frapera Stella Artois ,4160.0,5200,105
7792798010677,Cerveza,Gif Pack 1 Botella de Agua + 2 porrones de 330 cc Corona,2770.0,3600,106
7792798011490,Cerveza,GP Quilmes Vasos Independiente + 4 latas 473 ml,1399.99,1800,107
7793147009199,Cerveza,Heineken  473ml,317.0,450,108
7793147571689,Cerveza,Imperial Golden  473ml,267.66,350,109
7793147571672,Cerveza,Imperial Golden Retornable 1000ml,442.0,580,110
7793147570743,Cerveza,Imperial IPA 473 ml,130.0,300,111
7793147000752,Cerveza,Imperial Lager  473ml,200.0,300,112
7792798010240,Cerveza,Michelob Ultra 410 cm3,154.166,280,113
7793147001827,Cerveza,Miller  473ml,297.41,360,114
7792798006502,Cerveza,Patagonia  Bohemian Pilsener 473 cc,335.87,450,115
7792798002399,Cerveza,Patagonia 24.7 730 ml,592.37,770,116
7792798002351,Cerveza,Patagonia Amber Lager 730ml,592.37,770,117
7792798002368,Cerveza,Patagonia Bohemian Pilsener 730 cc,592.37,770,118
7792798002375,Cerveza,Patagonia Weisse 730 cc,592.37,770,119
7792798009640,Cerveza,Promoción Brahma + Vaso,225.0,720,120
7792798007738,Cerveza,Quilmes 1890 473ml,204.0,300,121
7792798007424,Cerveza,Quilmes Bajo Cero Retornable 1000ml,451.66,530,122
7792798012923,Cerveza,Quilmes Clásica  473ml,239.6,330,123
7792798001316,Cerveza,Quilmes Negra  473ml,235.41,300,124
7793147570347,Cerveza,Salta  473ml,128.0,190,125
7793147570286,Cerveza,Santa Fé  473ml,193.75,280,126
7793147572075,Cerveza,Santa Fé Pilsen,191.66,280,127
7896052605316,Cerveza,Schin  473ml,120.0,200,128
7793147118860,Cerveza,Schneider  473ml,227.5,300,129
7792798010639,Cerveza,Stella Artois  Noire 473 cc,333.33,450,130
7792798010622,Cerveza,Stella Artois Belgium 410 cm3,333.33,450,131
7792798010615,Cerveza,Stella Artois Belgium 473 cc,399.0,500,132
7792798010721,Cerveza,Stella Artois NO Retornable 710ml,611.0,700,133
7792798010561,Cerveza,Stella Artois Retornable 1000ml,703.42,800,134
7790040133570,Chocolate,Águila Minitorta Blanco 69g,147.52,200,135
7790040133587,Chocolate,Águila Minitorta Clásico 69g,147.52,200,136
7790040133600,Chocolate,"Águila Minitorta Cloco 70,5g",147.52,200,137
7790040991910,Chocolate,"Alfajor B&N Blanco 73,5g",147.52,200,138
7790040375000,Chocolate,"Alfajor B&N Negro 3,0 73,5g",147.52,250,139
7790040659605,Chocolate,Alfajor Block 60g,147.52,200,140
7790040614000,Chocolate,Alfajor Bonobon 3 ,138.52,200,141
77939234,Chocolate,Alfajor Clásico Terrabussi 50 grs,78.16,200,142
7798094220963,Chocolate,Alfajor Genio Nevares Triple Blanco 60 grs,66.89,100,143
7798094220956,Chocolate,Alfajor Genio Nevares Triple Negro 60 grs,66.89,100,144
7622300202859,Chocolate,Alfajor Glaseado Terrabussi 38 grs,100.0,200,145
7790380040293,Chocolate,Alteza Chocolate Taza 90g,128.0,450,146
7790580133573,Chocolate,Arcor Milk Sorpresa 264g,101.0,250,147
7790040375000,Chocolate,"Bagley Negro Triple 3,0 1",114.0,200,148
77922120,Chocolate,Block Cofler 110g,218.0,300,149
77953124,Chocolate,Block Cofler 38g,141.78,200,150
BOCADITOSBELCHOCO,Chocolate,Bombón Bel Choco 9g,15.0,20,151
77953537,Chocolate,Bon o Bon Aguila Negro,41.17,80,152
77956712,Chocolate,Bon o Bon con Chocolinas Negro,41.17,80,153
77961815,Chocolate,Bonobón Arcor Blanco,55.0,80,154
77958921,Chocolate,Bonobón Arcor Negro,55.0,80,155
7792360094548,Chocolate,Chocolate Mani Vizzio Bonafide 85g,174.0,250,156
7613037043693,Chocolate,Chocolate Nesquik en Polvo 150 grs,150.0,250,157
7613287526236,Chocolate,Chocolate Nestle Maní  33 grs,200.0,300,158
7790380005971,Chocolate,Chocolate Taza Georgalos 100g,265.0,350,159
7790150830444,Chocolate,Chocolino 180 grs,169.9,230,160
7790580103415,Chocolate,Cofler Air Blanco 55 grs,298.6,400,161
7790580033408,Chocolate,Cofler Air Leche 55 grs,298.6,400,162
7790580033507,Chocolate,Cofler Almendras 55 grs,283.86,400,163
7790580103453,Chocolate,Cofler Blanco Air 100 grs,520.48,650,164
7790580105945,Chocolate,Cofler Blanco con Chocolinas 100 grs,512.17,650,165
7790580103576,Chocolate,Cofler Chocolate con Leche  100 grs,512.17,650,166
7790580103484,Chocolate,Cofler Chocolate con Leche 55g,283.86,400,167
7790580123741,Chocolate,Cofler Graffiti Blanco 45 grs,125.0,200,168
7790580111755,Chocolate,Cofler Graffiti Negro 45 grs,125.0,200,169
7790580103446,Chocolate,Cofler Leche Air 100 grs,520.48,650,170
7790580103460,Chocolate,Cofler Mixto Air 100 grs,520.48,650,171
7790580103552,Chocolate,Cofler Rockets 100 grs,512.17,650,172
7790580103521,Chocolate,Cofler Rocklets 55g,227.82,300,173
77907509,Chocolate,Fel Fort Dos Corazones 26g,90.65,200,174
7790380024750,Chocolate,Georgalos Full Maní 100g,180.0,240,175
7794612065719,Chocolate,Hamlet Almendras y Maní 43 grs,53.33,150,176
7794612066419,Chocolate,Hamlet Sabor Yoghurt Frutilla 43 grs,53.33,150,177
8693029609402,Chocolate,KingTat 18g,38.0,50,178
77917805,Chocolate,Las Colonias Blanco Triple 1,72.91,130,179
77917812,Chocolate,Las Colonias Negro Triple 1,72.91,130,180
7622201812652,Chocolate,Mantecol Clásico 111g,285.0,380,181
7622210745224,Chocolate,Milka Leche 55 grs,420.0,450,182
7790580132712,Chocolate,Oblea Twit Arcor 20 grs,60.0,80,183
77925770,Chocolate,Obli-Bon Blanco 17g ,23.0,30,184
77929662,Chocolate,Obli-Bon Bocadito Relleno 10g,30.0,40,185
7793123160456,Chocolate,Obli-Bon Bombón 170g x 10 unidades,300.0,400,186
7790206009503,Chocolate,Paraguitas ,53.79,100,187
7790580421007,Chocolate,Rocklets  20g,68.0,100,188
7790580327415,Chocolate,Rocklets 40 grs,167.5,200,189
77912718,Chocolate,Sapito Maní 10g,23.0,30,190
7790040331303,Chocolate,Tatín Blanco Simple 1,60.25,100,191
7790040405301,Chocolate,Tatín Blanco Triple 1,82.0,130,192
7790040331204,Chocolate,Tatín Negro Simple 1,60.25,100,193
7790040405608,Chocolate,Tatín Negro Triple 1,82.0,130,194
7790040953703,Chocolate,Tofi Blanco Triple 1,98.0,200,195
7790040116634,Chocolate,Tofi Glaseado 44g,80.72,150,196
7790040484801,Chocolate,Tofi Negro Triple 1,98.0,200,197
77977229,Cigarrillo,Camel 11,405.0,460,198
77953476,Cigarrillo,Chesterfield 20 Box,560.0,650,199
77953513,Cigarrillo,Chesterfield 20 Común ,460.0,550,200
7793196202015,Cigarrillo,Cigarrillo CJ Rubios,150.0,280,201
7793196202046,Cigarrillo,Cigarrillos CJ Rubios Convertible,180.0,320,202
7793196202022,Cigarrillo,Cigarrillos CJ Rubios Mentolado,150.0,300,203
77969675,Cigarrillo,Liverpool 20 Box Rojo,255.0,350,204
77969699,Cigarrillo,Liverpool Green,255.0,350,205
77976505,Cigarrillo,Lucky Strike  Común 12 ,360.0,420,206
77976956,Cigarrillo,Lucky Strike  Común Convertible 20,560.0,630,207
77976994,Cigarrillo,Lucky Strike  Convertible 12,360.0,430,208
77977038,Cigarrillo,Lucky Strike  Convertible Box 20,630.0,700,209
77976512,Cigarrillo,Lucky Strike Común 20 Blanco ,560.0,630,210
77977090,Cigarrillo,Lucky Strike Dark Paris,776.25,850,211
77983343,Cigarrillo,Marlboro  Común 12,400.0,450,212
77916433,Cigarrillo,Marlboro  Común 20,630.0,700,213
77918482,Cigarrillo,Marlboro Box 20,720.0,800,214
77978141,Cigarrillo,Marlboro Fusión 12,371.25,450,215
77947550,Cigarrillo,Marlboro Fusión 20 Box,640.0,700,216
77941558,Cigarrillo,Master Común 20,265.0,350,217
77981813,Cigarrillo,Philip Morris  Común 12,360.0,450,218
77940735,Cigarrillo,Philip Morris  Convertible Box 20,630.0,700,219
77912879,Cigarrillo,Philip Morris 20 Común 20,560.0,630,220
77971913,Cigarrillo,Philip Morris Convertible 12,360.0,450,221
77960900,Cigarrillo,Pier Rojo 20 20,255.0,350,222
77983442,Cigarrillo,Pier Rojo x 10,145.0,230,223
77962737,Cigarrillo,Pier Verde 20 20,255.0,350,224
78401068,Cigarrillo,Rodeo 20 20,180.0,250,225
77977151,Cigarrillo,Rothmans Covertible 20,475.0,530,226
77977120,Cigarrillo,Rothmans Red Ks 20,460.0,510,227
580058803526,Cigarrillo,Suelto Barato 1,0.0,20,228
460589131783,Cigarrillo,Suelto Nacional 1,0.0,30,229
7799054003930,Cigarrillo,Sueltos $20,0.0,20,230
1963700222549,Cotillón,Bengalas 1,60.0,100,231
7798347080801,Cotillón,Bengalas para tortas Candela x 4 unidades,109.57,200,232
7791014121333,Cotillón,Bombuchas Fiesta Loca 100 globitos,210.0,450,233
7798194159101,Cotillón,Bombuchas Perfumadas x 100 globitos,375.0,450,234
645667269546,Cotillón,Cucharitas Plásticas,3.22,10,235
7798130953985,Cotillón,"Globos Candela Blanco 12"" x 25 unidades Perlados",22.4,30,236
7798130954043,Cotillón,"Globos Candela Celeste 12"" x 25 unidades Perlados",22.4,30,237
7798130954548,Cotillón,"Globos Candela Multicolor 9"" x 50 unidades",12.0,20,238
VASOSDESCARTABLES,Cotillón,Vasos Descartables Color,8.0,30,239
VASOSDESCARTABLESX1LITRO,Cotillón,Vasos descartables x 1 litro ,45.0,150,240
7798014060655,Cotillón,Velas de cumpleaños 1,8.0,20,241
7790625001409,Embutidos,Salchichas 66 200 grs,114.99,200,242
7792388000187,Embutidos,Salchichas Don Otto 190g,83.0,110,243
7792170110704,Energizante,Gatorade Cool Blue 125L,482.56,650,244
7792170042258,Energizante,Gatorade Cool Blue 500 ml,268.14,370,245
7792170052264,Energizante,Gatorade Cool Blue 750ml,307.32,400,246
7792170110568,Energizante,"Gatorade Frutas Tropicales 1,25L",482.56,650,247
7792170042029,Energizante,Gatorade Frutas Tropicales 500ml,268.14,370,248
7792170052295,Energizante,Gatorade Frutos Tropicales 750ml,307.32,400,249
7792170042050,Energizante,Gatorade Lima Limón 500 ml,268.14,370,250
7792170110575,Energizante,"Gatorade Manzana 1,25L",482.56,650,251
7792170052271,Energizante,Gatorade Manzana 750ml,307.32,400,252
7792170110551,Energizante,"Gatorade Naranja 1,25L",482.56,650,253
7792170042241,Energizante,Gatorade Uva 500ml,268.14,370,254
1007084702751,Energizante,Monster Energy The Doctor,340.0,450,255
70847032861,Energizante,Monster Energy Ultra 473cc,340.0,450,256
1007084703536,Energizante,Monster Energy Ultra Paradise,340.0,450,257
1007084703703,Energizante,Monster Energy Ultra Sunrise,340.0,450,258
1007084703475,Energizante,Monster Mango Loco 473cc,340.0,450,259
1007084701235,Energizante,Monster Negro 473ml,340.0,450,260
1007084703123,Energizante,Monster Water Melon 473cc,340.0,450,261
7790895640025,Energizante,Powerade Blue 500ml,200.0,300,262
7790895641183,Energizante,Powerade Frutos Tropicales 500ml,200.0,300,263
7790895640018,Energizante,Powerade Manzana 500ml,200.0,300,264
9002490100070,Energizante,Red Bull 250ml,390.14,500,265
9002490258313,Energizante,Red Bull Sabor sandía,390.14,500,266
90415418,Energizante,Red Bull Sugar Free,390.14,500,267
9002490248949,Energizante,Red Bull Tropical Edition 250ml,390.14,500,268
7798119220183,Energizante,Speed 250ml,120.0,420,269
7798119220299,Energizante,Speed 269ml 269ml,168.75,300,270
7798119220015,Energizante,Speed Unlimited 250 ml,149.0,300,271
7790119002370,Espumante,1888 Sidra 750ml,525.0,700,272
7790154000027,Espumante,Anana Fizz Del Valle 720 cc,366.66,500,273
7790119000093,Espumante,Ananá Fizz Real 720 ml,608.33,850,274
7790154000539,Espumante,Del Valle Durazno Fizz 720ml,300.0,500,275
7790154000669,Espumante,Del Valle Sidra Etiqueta Negra 720ml,300.0,500,276
7798167890055,Espumante,DU Renaissance 750 ml,500.0,650,277
7791670026621,Espumante,Federico de Alvear Extra Dulce,574.8,750,278
7792716246508,Espumante,La Farruka Gran Sidra 910ml,263.0,500,279
7792316000845,Espumante,La Victoria Fresas 720ml,300.0,500,280
7792316001019,Espumante,La Victoria Sidra 720ml,263.0,500,281
7790717001195,Espumante,Novecento Extra Dulce 750ml,490.0,650,282
7790119009881,Espumante,Real Sidra 750ml,600.0,800,283
7790119010450,Espumante,Sidra Real 910 ml,625.0,850,284
7500435012119,Farmacia,Acondicionador Pantene Restauración 10 ml,11.0,50,285
7793640215622,Farmacia,Actron 600,90.0,130,286
7793640215486,Farmacia,Actron Ibuprofeno 400 mg,44.5,80,287
7798014062376,Farmacia,Alcohol Etílico Dismar 500ml,128.0,170,288
7794640170874,Farmacia,"Alikal 4,5g",68.0,150,289
7794640170867,Farmacia,Alikal Antiácido sabor Naranja,89.66,150,290
7794640170850,Farmacia,Alikal Clásico ,95.19,150,291
7798014062031,Farmacia,Apósitos Protectores,10.0,20,292
7798187653425,Farmacia,Apósitos Protectores Plásticos ,16.0,30,293
7793640217985,Farmacia,Aspirinetas,5.0,10,294
7798014062642,Farmacia,Azufre en Barra ,30.0,80,295
7793640000747,Farmacia,Bayaspirina 500mg 1,23.0,30,296
7793640000754,Farmacia,Bayaspirina Forte,25.0,40,297
BUSCAPINA,Farmacia,Buscapina Compositum 1,30.0,40,298
426836113403,Farmacia,Buscapina Dúo,87.0,120,299
7795312109055,Farmacia,Buscapina Dúo 20 comprimidos,87.0,120,300
779210244489,Farmacia,Buscapina Perlas 10 mg,64.0,100,301
7793640000761,Farmacia,Cafiaspirina 500mg 1,23.0,30,302
7509546677217,Farmacia,Colgate Herbal Blanqueadora 90 grs,200.0,350,303
7793100111891,Farmacia,Colgate Ultra Blanco 90 grs,227.76,350,304
7509546677224,Farmacia,Crema Dental Colgate Herbal Blanqueadora 140 grs,495.0,650,305
7509546056623,Farmacia,Crema Dental Colgate Triple Acción Xtra Blancura 50 grs,72.0,120,306
7791199000478,Farmacia,Crema Dental con Flúor Fresh Dent,182.23,250,307
7509546677194,Farmacia,Crema Dental Kolynos 180 grs,445.0,600,308
4005900170996,Farmacia,Curitas 1,15.0,20,309
7702003010774,Farmacia,Curitas Transpiel x 10,11.35,30,310
DICLOFENAC,Farmacia,Diclofenac Sódico 100mg 1,21.0,40,311
7795371459115,Farmacia,Diclogesic Plus B12,28.0,40,312
7790940233240,Farmacia,Doncella Anatómicos,83.0,130,313
7341018269,Farmacia,Esmalte Jactans,198.0,350,314
2735619810,Farmacia,Esmalte Miguel Angel,89.0,250,315
6110942587,Farmacia,Esmalte Secado Rápido India,89.0,250,316
854920380289,Farmacia,Fibrolex 500mg,7.0,30,317
7796285286798,Farmacia,Geniol Forte x 16 comprimidos,36.5,50,318
7798032934556,Farmacia,Gripaben Té Descongestivo Granulado Miel  y Limón 5 grs ,180.0,300,319
7790250016205,Farmacia,Higienol Export 30m,58.1,100,320
7790839980453,Farmacia,Ibu 400 ISA 1,35.0,50,321
7794640172021,Farmacia,IbuEvanol Forte 400 mg,31.45,50,322
7795381001656,Farmacia,Ibupirac Fem Analgésico Antiespasmódico,29.22,40,323
7795381001755,Farmacia,Ibupirac Ibuprofeno 400 mg,25.75,40,324
7795381411578,Farmacia,Ibupirac Plus Maxx 10 comprimidos,20.6,50,325
IBUTENK600,Farmacia,Ibuprofeno 600 1,40.0,40,326
IBUPROFENO TRB PHARMA ,Farmacia,Ibuprofeno TRB Pharma 400 mg,20.0,30,327
VENT3400MG,Farmacia,Ibuprofeno Vent3 400 mg,12.0,30,328
VENT3600MG,Farmacia,Ibuprofeno Vent3 600 mg,15.0,40,329
7790839000175,Farmacia,Isaspirina Preventiva Aspirina 100 mg ,4.8375,10,330
7798320517454,Farmacia,Jabón Carmel Rosa,70.0,100,331
7791293041919,Farmacia,Jabón Rexona Frescura Revitalizante x3,255.0,320,332
7794218000152,Farmacia,Jabón St Tropez Brillo y Luz X3,252.0,330,333
7794218000190,Farmacia,Jabón St Tropez Flores X3,252.0,330,334
7794218106229,Farmacia,Jabón Tocador Cupido  Tira 3 x 90 grs,43.3,80,335
7509546677170,Farmacia,Kolynos 90 grs,247.99,350,336
7509546667348,Farmacia,Kolynos Triple Extra Fresh 70g,103.0,250,337
7794626010316,Farmacia,Kotex Normal con Alas,105.0,150,338
7790250097396,Farmacia,Ladysoft Normal con alas x 8 u,112.51,250,339
7790250097433,Farmacia,Ladysoft Ultradelgada con alas x 8 u,150.0,230,340
7795371459399,Farmacia,Liberol Loratadina 10mg 1,23.0,30,341
2001007729992,Farmacia,Maquillaje Corrector N° 1 Light Beige,400.0,500,342
2001007749990,Farmacia,Maquillaje Corrector N° 3 Strobing ,400.0,500,343
2001007739991,Farmacia,Maquillaje Corrector N°2 Mediano Beige,400.0,500,344
70330717565,Farmacia,Máquina de afeitar Bic Comfort 3 Advance 1,150.0,200,345
3086123569010,Farmacia,Máquina de afeitar Bic Flex2 Cabeza Móvil,103.0,200,346
70330709485,Farmacia,Maquinita de Afeitar Bic 2 hojas,166.0,200,347
70330717534,Farmacia,Maquinita de Afeitar Bic 3 Hojas,166.0,250,348
975331225371,Farmacia,Migral Compositum,60.0,100,349
7790770601059,Farmacia,Pack Economico Toallas Femeninas Calipso x 16 unidades,129.91,350,350
7794626008641,Farmacia,Pañal Huggies M 1,38.0,60,351
7500435133357,Farmacia,Pañal Pampers P 1,38.0,60,352
7791388000272,Farmacia,Pañuelos Descartables 1,23.0,70,353
7798014062680,Farmacia,Pañuelos Descartables Dismar,30.0,70,354
7790250000358,Farmacia,Pañuelos Descartables Elite,24.59,70,355
7790250066071,Farmacia,Papel Higiénico Elite Professional 50m ,75.0,100,356
7790839980873,Farmacia,Paracetamol ISA 500mg 1,23.0,30,357
PASTILLASCARBON,Farmacia,Pastillas de Carbón Activado Eczane x 10 comprimidos,35.3,50,358
7791014090325,Farmacia,Preservativos Tulipán  x 3,176.0,300,359
7791519200021,Farmacia,Prime Anatómico 3,342.67,500,360
7791519200076,Farmacia,Prime Espermicida 3,342.67,500,361
7791519000676,Farmacia,Prime Extra Lubricado 3,342.67,500,362
7791519701030,Farmacia,Prime Mega Mayor Comodidad 3,342.67,500,363
7791519702112,Farmacia,Prime Retardante 3,342.67,500,364
7791519001970,Farmacia,Prime Stronger 3,342.67,500,365
7791519200045,Farmacia,Prime Super Fino 3,342.67,500,366
7791519200090,Farmacia,Prime Tachas 3,342.67,500,367
7791519200069,Farmacia,Prime Texturado 3,342.67,500,368
7791519001338,Farmacia,Prime Turbo 3,342.67,500,369
7791519701061,Farmacia,Prime Ultra Fino 3,342.67,500,370
7791519701856,Farmacia,Prime Warming  3,342.67,500,371
7790770601479,Farmacia,Protectores Diarios Calipso x 20,88.9,150,372
7791274005299,Farmacia,Quitaesmaltes Algabo,69.0,130,373
7795345001470,Farmacia,Sertal Compuesto,20.0,40,374
7795345000367,Farmacia,Sertal Compuesto,70.0,100,375
7795345121512,Farmacia,Sertal Propinol Perlas,64.0,100,376
7500435012102,Farmacia,Shampoo Pantene  Restauración 10ml,11.0,50,377
7798140250470,Farmacia,Tafirol  Paracetamol 500 mg,33.85,50,378
7798140250395,Farmacia,Tafirol Forte Paracetamol 650 mg,38.65,60,379
7793640215523,Farmacia,Tafirol Paracetamol 1g 1,63.0,80,380
7798140253334,Farmacia,Tafirol Paracetamol 1g 1,63.0,80,381
7790940216144,Farmacia,Toallas Femeninas Doncella x 8 u Normal con alas Perfumadas,82.9,200,382
7790250097426,Farmacia,Toallas Femeninas Ladysoft con alas x 8,114.9,250,383
7500435181952,Farmacia,Toallitas Always 8,113.0,180,384
7790839980910,Farmacia,Treg Omeprazol 20 mg x 15 cápsulas,26.5,40,385
7794640131400,Farmacia,Uvasal Clásico x 30 sobres,62.33,100,386
7794640130700,Farmacia,Uvasal Naranja 5g,53.0,100,387
695874365215,Fotocopia,DNI 1,0.0,40,388
123654789193,Fotocopia,DOBLE FAZ LEGAL 1,0.0,60,389
118516594757996,Fotocopia,IMPRESIÓN A4 1,0.0,40,390
963258741791,Fotocopia,IMPRESIÓN LEGAL  1,0.0,40,391
351624957684,Fotocopia,SIMPLE FAZ A4 1,0.0,20,392
153426486759,Fotocopia,SIMPLE FAZ LEGAL / DOBLE FAZ A4 1,0.0,40,393
987456321397,Fotocopia,TRÁMITES (Tipear nombre del trámite) 1,0.0,(TIPEAR PRECIO VENDIDO),394
7792180138521,Galletita,9 de Oro  Avena con Pasas 120 grs,149.0,200,395
7792200000128,Galletita,9 de Oro Agridulce  200g,153.58,250,396
7792180139726,Galletita,9 de Oro Agridulces 215 grs,153.58,250,397
7792180138538,Galletita,9 de Oro Avena con Miel 120 grs,112.0,200,398
7792180139788,Galletita,9 de Oro Azucaradas 210 grs,153.58,250,399
7792200000319,Galletita,9 de Oro Azucarados 200g,153.58,250,400
7792180139719,Galletita,9 de Oro Clásicos 215 grs,153.58,250,401
7792180138507,Galletita,9 de Oro Cookies con Chips de Chocolate Blanco 120 grs,119.0,200,402
7792200000159,Galletita,9 de Oro Salada  200g,153.58,250,403
7790040139282,Galletita,Amor 108g,190.35,280,404
7790040930407,Galletita,Amor Sabor Almendras 112 grs,158.99,250,405
7891962054780,Galletita,Bauducco Sabor Chocolate 65 grs,60.0,100,406
7790040139398,Galletita,Chocolinas Original 150 grs,242.58,330,407
7790040377806,Galletita,Criollitas Bagley Pack Familiar x 3 300g,280.05,450,408
7790040132764,Galletita,Diversión Arcor 390g,202.41,430,409
7790040138902,Galletita,Diversión Arcor 398g,360.53,450,410
7790628102714,Galletita,Fauna 150 grs,121.46,200,411
7790040100336,Galletita,Galletitas Rex Tubo x 75 grs,164.92,230,412
7798141972364,Galletita,Galletitas Saladas La Providencia 101g,47.0,80,413
7791708001392,Galletita,Grisines con Salvado 180 grs Veneciana,118.0,180,414
7791708611270,Galletita,Grisines Multicereal 180 grs Veneciana,118.0,180,415
7793450000593,Galletita,Hojalmar Azucarada 180g,75.0,100,416
7790040003606,Galletita,Kesitas Bagley  75 grs,159.82,200,417
7790040134898,Galletita,Lia Desfile Surtido 390g,158.0,210,418
7790040133495,Galletita,Macucas Sabor Chocolate 110 grs,165.12,250,419
7790040133754,Galletita,Maná Clasica  Chocolate 145g,160.89,250,420
7790040720206,Galletita,Maná Clasica Leche 145g,160.89,250,421
7790040720107,Galletita,Maná Clasica Vainilla 145g,175.37,250,422
7790040133242,Galletita,Maná Rellena Chocolate 152g,215.9,300,423
7790040133266,Galletita,Maná Rellena Frutilla 152g,215.9,300,424
7790040133235,Galletita,Maná Rellena Vainilla 152g,215.9,300,425
7790040133686,Galletita,Mediatarde 105g,45.0,100,426
7790040887602,Galletita,Mediatarde Sandwich x 3  321 grs,172.5,250,427
7790040139305,Galletita,Mellizas 108g,190.35,280,428
7790040932708,Galletita,Merengadas 108g,174.63,250,429
7790040139657,Galletita,Merengadas 88g,130.59,250,430
7792180006448,Galletita,Mini Crackers Paseo 300g,196.36,300,431
7792180007315,Galletita,Mini Crackers Paseo 5 Semillas 300g,237.12,330,432
7793123160050,Galletita,Oblita Chocolate 50 g,47.0,100,433
7793123160272,Galletita,Oblita Frutilla 100g,75.0,150,434
7793123160029,Galletita,Oblita Frutilla 50 g,47.0,100,435
7793123134211,Galletita,Oblita La Oblea Sabor Frutilla 50 grs,46.07,100,436
7793123134013,Galletita,Oblita La Oblea Sabor Vainilla 60 grs,46.07,100,437
7793123013431,Galletita,Oblita Mix Frutal 50 g,47.0,100,438
7793123160043,Galletita,Oblita Sabor Limón 50 grs,47.0,100,439
7793123160012,Galletita,Oblita Vainilla 50 g,47.0,100,440
7622201521967,Galletita,Oreo con Cacao 118g,169.0,250,441
7792180007346,Galletita,Paseo Mix de Cereales,108.0,300,442
7791787100597,Galletita,Pepas Trío 1000 grs,430.53,550,443
7622201503260,Galletita,Pepitos 119 grs,125.0,250,444
7790040287204,Galletita,Polvorita Frutilla/Fresa 150g,75.0,100,445
7790040124417,Galletita,Polvorita Mini Limón 147g,75.0,100,446
7790040120013,Galletita,Polvorita Mini Vainilla 147g,75.0,100,447
7790040139176,Galletita,Polvorita Sabor Frutilla y Fresa 81 grs,65.0,100,448
7790040139169,Galletita,Polvorita Sabor Vainilla 81 grs,65.0,100,449
7790040139183,Galletita,Polvorita Sabor Vainilla con Chocolate 81 grs,65.0,100,450
7790040287105,Galletita,Polvorita Vainilla 150g,85.0,150,451
7790040003569,Galletita,Rex  Sabor Original 75 grs,129.91,200,452
7790040719804,Galletita,Rex 125g,266.42,350,453
7790040139268,Galletita,Rumba 108g,190.35,280,454
7790580775407,Galletita,Saladix 25g Calabresa,104.5,180,455
7790580387105,Galletita,Saladix 25g Jamón,104.5,180,456
7790040374706,Galletita,Saladix 25g Jamón y Queso,104.5,180,457
7790580387006,Galletita,Saladix Pizza 30g,104.5,200,458
7790040704800,Galletita,Serranas 112g,97.28,150,459
7790040136113,Galletita,Serranitas 30 grs,84.43,100,460
7792684001215,Galletita,Solitas Surtidas Dulces 300g,113.0,230,461
7790040133488,Galletita,Sonrisas 108g,174.63,280,462
7790040132771,Galletita,Surtido Bagley 390g,267.24,530,463
7790040138896,Galletita,Surtido Bagley 398g,439.76,550,464
7790040872103,Galletita,Traviata Sabor Original 101 grs,101.0,150,465
7790040872202,Galletita,Traviata Sabor Original x 3 303 grs,314.46,450,466
7791787000422,Galletita,Trío Pepas 200g,148.31,250,467
7791787100924,Galletita,Trio Pepas 320 grs,195.0,250,468
7791787000040,Galletita,Trío Pepas 500gr,285.0,500,469
7791787100283,Galletita,Trío Variette 500g,158.0,270,470
7790628102684,Galletita,Vainillas Mauri 80 grs,84.35,200,471
7622201504090,Galletita,Variedad Terrabussi 390 grs,249.0,350,472
7790040131187,Galletita,Vocación Clásica 141 grs,86.58,150,473
7790040131194,Galletita,Vocación Clásica pack x 3 384 grs,222.0,350,474
7790040946101,Galletita ,Criollitas Más Grandes  169 grs,135.0,250,475
7791813777038,Gaseosa,7up 500 ml,95.0,130,476
7791813777021,Gaseosa,7up Lata 354ml,90.0,130,477
7791375001817,Gaseosa,Cabalgata Cola 3000ml,311.66,430,478
7791375000490,Gaseosa,Cabalgata Cola 500ml,91.66,150,479
7791375001862,Gaseosa,Cabalgata Guaraná 3000ml,311.66,430,480
7791375001824,Gaseosa,Cabalgata Lima 3000ml,311.66,430,481
7791375000476,Gaseosa,Cabalgata Lima 500ml,91.66,150,482
7791375000391,Gaseosa,Cabalgata Naranja 3000ml,311.66,430,483
7791375000414,Gaseosa,Cabalgata Naranja 500ml,91.66,150,484
7791375001800,Gaseosa,Cabalgata Pomelo 3000ml,311.66,430,485
7791375000438,Gaseosa,Cabalgata Pomelo 500ml,91.66,150,486
7840058000361,Gaseosa,"Coca Cola  Retornable 1,5 L",331.25,450,487
7790895000997,Gaseosa,Coca Cola 2250ml,508.33,630,488
7790895002656,Gaseosa,Coca Cola 375 ml,86.0,150,489
7790895000782,Gaseosa,Coca Cola 500ml,208.33,280,490
7790895000430,Gaseosa,"Coca Cola Descartable 1,5 L",420.0,530,491
7790895005916,Gaseosa,Coca Cola Retornable 1500ml,331.25,450,492
7790895067570,Gaseosa,"Coca Cola Zero 2,250 cc",281.44,500,493
7790895001017,Gaseosa,Fanta 2250ml,508.33,630,494
7790895011559,Gaseosa,Fanta 375ml,100.0,140,495
7790895000836,Gaseosa,Fanta Naranja 500 ml,208.33,280,496
7790895000331,Gaseosa,Fanta Retornable 2000ml,331.25,450,497
7791813000310,Gaseosa,Mirinda Naranja Lata 354ml,90.0,130,498
7791813423386,Gaseosa,Paso de Los Toros 2250ml,343.49,450,499
7791813421368,Gaseosa,Paso de Los Toros Tónica 1500ml,311.71,430,500
7791813555032,Gaseosa,Pepsi 500 ml,138.66,230,501
7791813555025,Gaseosa,Pepsi Lata 354ml,90.0,130,502
7792758001073,Gaseosa,Secco Cola 3000ml,343.75,430,503
7792758000236,Gaseosa,Secco Lima 3000ml,343.75,430,504
7792758005071,Gaseosa,Secco lima Limón 500 cc,70.3133,100,505
7792758372074,Gaseosa,Secco Limón Intenso,312.5,400,506
7792758010587,Gaseosa,Secco Manzana 500 cc,70.31333,100,507
7792758013038,Gaseosa,Secco Naranja 3000ml,343.75,430,508
7792758005033,Gaseosa,Secco Naranja 500 cc,70.31333,100,509
7792758013045,Gaseosa,Secco Pomelo 3000ml,343.5,430,510
7792758010549,Gaseosa,Secco Pomelo 500 cc,70.3133,100,511
7792758372265,Gaseosa,Secco Pomelo Intenso 3000ml,343.5,430,512
7792758001042,Gaseosa,Seco Cola 5600 cc,70.0,100,513
7790895001000,Gaseosa,Sprite  2250ml,508.33,630,514
7790895012471,Gaseosa,Sprite 375ml,100.0,140,515
7790895000829,Gaseosa,Sprite 500 ml,208.33,280,516
7790895000225,Gaseosa,Sprite Retornable 2000ml,331.25,430,517
77958983,Golosina,"Alka Menta 3,27 grs",31.66,100,518
77959003,Golosina,"Alka Strong 3,27 grs",31.66,100,519
77969101,Golosina,Beldent Fresh Sparks Chicle Globo 10 grs,63.0,150,520
77969118,Golosina,Beldent Fresh Sparks Frutilla 10 grs,63.0,150,521
77969071,Golosina,Beldent Fresh Sparks Menta 10 grs,63.0,150,522
77969088,Golosina,Beldent Fresh Sparks Menta Fuerte 10 grs,63.0,150,523
77969095,Golosina,Beldent Fresh SparksMentol  10 grs,62.5,150,524
621354957954,Golosina,Caramelos 1,7.0,10,525
7794612002486,Golosina,Caramelos Alka ,3.0,5,526
7792354004560,Golosina,Caramelos Eucaliptus 73 unidades,9.17,15,527
621354957954,Golosina,Caramelos Frutales,4.0,5,528
7792354004614,Golosina,Caramelos Saquitos ,11.2,15,529
7798040592410,Golosina,Chicle Globo  Fierita ,3.85,10,530
CHICLEFIERITA,Golosina,Chicle Globo Fierita,4.0,10,531
999053,Golosina,Chupaleta Corazoncitos ,20.357,50,532
999661,Golosina,Chupaleta Mickey,17.5,50,533
7792354004690,Golosina,Chupetin Dobleta 50 unidades,8.9,20,534
7790580252809,Golosina,Chupetín Mister Pop,11.0,30,535
748523621489,Golosina,Chupetines 1,8.0,10,536
7798073620784,Golosina,Garrapiñadas de Maní 40 grs,40.0,60,537
7790380014676,Golosina,Garrapiñadas de Maní Alteza 80g,75.54,100,538
7790580130305,Golosina,Gomitas Conitos Frutales,65.0,100,539
GOMITASMOGUL,Golosina,Gomitas Fantasía 100 grs,83.0,100,540
7896058506105,Golosina,Gomitas Gometas 1,45.0,60,541
7790580602000,Golosina,Gomitas Grandes Mogul 35g,73.0,100,542
7790580116965,Golosina,Gomitas Mogul Ácido - Dulce,72.5,100,543
7798186030593,Golosina,Malvaviscos Congys Billiken,66.86,100,544
7795522003761,Golosina,Maní Color Latin,50.0,100,545
7622201816445,Golosina,Mantecol 64 g,100.0,200,546
77946805,Golosina,Menthoplus Cereza Zero,97.5,150,547
77958631,Golosina,"Menthoplus Cherry 29,4g",85.0,150,548
77958624,Golosina,"Menthoplus Mentol 29,4g",85.0,150,549
77946829,Golosina,Menthoplus Mentol Zero,97.5,150,550
77958655,Golosina,"Menthoplus Miel 29,4g",85.0,150,551
77958662,Golosina,"Menthoplus Mint 29,4g",85.0,150,552
77958648,Golosina,"Menthoplus Strong 29,4g",85.0,150,553
7798094340012,Golosina,Mentita 26g,38.0,80,554
7790580104405,Golosina,Misky Toffe   1,4.0,5,555
7790580118037,Golosina,Mister Pop con Chicle,28.48,50,556
7792360092728,Golosina,Nugatón Postre de Maní 100 grs,195.0,250,557
7794612100953,Golosina,Paleta Redonda N 2,85.0,200,558
7792860001114,Golosina,Pico Dulce Lheritier 48 unidades,33.54,50,559
77916389,Golosina,"Topline Fruta 6,7g",51.0,100,560
77916426,Golosina,"Topline Menta 6,7g",51.0,100,561
77919489,Golosina,"Topline Sandía 6,7g",51.0,100,562
77939753,Golosina,Topline Seven Atomic Strong 14g,105.0,150,563
77932693,Golosina,Topline Seven Mandarina 14g,105.0,150,564
77951113,Golosina,Topline Seven Vibrant Strawberry 14g,105.0,150,565
77948496,Golosina,Topline Seven Violet Cherry 14g,105.0,150,566
77931764,Golosina,Topline Seven X-plosive Mint 14g,105.0,150,567
77916396,Golosina,"Topline Strong 6,7g",51.0,100,568
7792360071709,Golosina,Turrón Bonafide Maní con Miel,139.162,250,569
7790380012085,Golosina,Turrón de Maní Alteza,51.0,100,570
7790206028719,Golosina,Turrón de Maní Fel-Fort,188.15,250,571
77940131,Golosina,Turrón Maní Arcor 25g,47.34,100,572
77975737,Golosina,Turrón Maní Chocolatada Arcor 25g,30.0,100,573
7790580137854,Golosina ,Chupetín Yogus Mister Pops 50 unidades,14.0,30,574
HIELO,HIELO,HIELO 2KG,200.0,300,575
7790154008344,Jugo,Jugo Del Valle Durazno 200ml,73.07,100,576
7790895643828,Jugo,Ades  Soja + Jugo de Durazno 1000ml,120.0,380,577
7790895643866,Jugo,Ades Frutas Tropicales 1000ml,360.0,450,578
7790895643835,Jugo,Ades Manzana 1000ml,360.0,450,579
7790895643804,Jugo,Ades Soja Ananá 1000ml,360.0,450,580
7790580129699,Jugo,Arcor Ananá 18 grs,45.0,70,581
7790580129927,Jugo,Arcor Durazno 18 grs,45.0,70,582
7790036975399,Jugo,Baggio Fresh Liviano Multifruta 1 L,311.75,430,583
7790036000343,Jugo,Baggio Pronto Durazno 1000ml,311.75,430,584
7790036000589,Jugo,Baggio Pronto Durazno 200ml,95.84,150,585
7790036000336,Jugo,Baggio Pronto Manzana 1 litro,311.75,430,586
7790036000572,Jugo,Baggio Pronto Manzana 200ml,95.84,150,587
7790036000367,Jugo,Baggio Pronto Mix Frutal 1000ml,311.75,430,588
7790036000602,jugo,Baggio Pronto Mix Frutal 200 ml,95.84,150,589
7790036000466,Jugo,Baggio Pronto Multifruta 1000ml,311.75,430,590
7790036000619,Jugo,Baggio Pronto Multifruta 200ml,95.84,150,591
7790036000565,Jugo,Baggio Pronto Naranja 200ml,95.84,150,592
7790036000596,Jugo,Baggio Pronto Pera 200ml,95.84,150,593
7790895641749,Jugo,Cepita Ananá 1500 ml,400.0,500,594
7790895641534,Jugo,Cepita Durazno 1500ml,400.0,500,595
7790895004933,Jugo,Cepita Manzana 1500ml,400.0,500,596
7790895641800,Jugo,Cepita Naranja 1500ml,400.0,500,597
7793046018025,Jugo,Cormillot Pomelo 1500ml,184.0,240,598
7790580129682,Jugo,Jugo Arcor Limonada 18 g,45.0,70,599
7790580132415,Jugo,Jugo Arcor Naranja 18 grs,45.0,70,600
7790580129712,Jugo,Jugo Arcor Naranja Dulce 18 g,45.0,70,601
7622201816551,Jugo,Jugo Tang Naranja Banana 18 grs,45.0,70,602
7622201816612,Jugo,Jugo Tang Pera 18 grs,45.0,70,603
7622201816766,Jugo,Jugo Tang Uva 18 grs,45.0,70,604
7622201815042,Jugo,Tang Limonada Dulce 18g,45.0,70,605
7622201814854,Jugo,Tang Manzana 18 grs,45.0,70,606
7622201705992,Jugo,Tang Manzana 18 grs,45.0,70,607
7622201735715,Jugo,Tang Multifruta 15 grs,45.0,70,608
7622201816490,Jugo,Tang Multifruta 18g,45.0,70,609
7622201814946,Jugo,Tang Naranja Dulce 18g,45.0,70,610
7622201735371,Jugo,Tang Naranja Mango  15 grs,45.0,70,611
7622201735746,Jugo,Tang Pomelo Rosado 15 grs,45.0,70,612
7622201816520,Jugo,Tang Pomelo Rosado 18 grs,45.0,70,613
7793913000481,Lácteos,Arroz con leche Clásico 180 grs,138.46,180,614
7793913000559,Lácteos,Arroz con leche con dulce de leche 180 grs,138.46,180,615
7790036948294,Lácteos,Baggio Chocolatada Latte 1 L,205.0,330,616
7790036972602,Lácteos,Baggio Chocolatada Latte 200ml,74.82833,120,617
7793913001990,Lácteos,Chocolatada Tregar 1000ml,180.0,300,618
7793913002119,Lácteos,Chocolatada Tregar 200ml,90.0,120,619
7793913013436,Lácteos,Crema de Leche Doble Crema Tregar 200 cc,343.75,450,620
7793913013016,Lácteos,Crema de Leche Tregar 200cc Doble Crema,270.0,360,621
7793913013313,Lácteos,Crema de Leche Tregar 200ml,270.0,360,622
7791058010662,Lácteos,Dulce de Leche Manfrey Clásico 400 grs ,300.48,450,623
7794820902493,Lácteos,Dulce de Leche Milkaut de Campo 400 grs,439.0,570,624
7798060852594,Lácteos,Dulce de Leche Tonadita 250g,135.0,200,625
7793913000931,Lácteos,Dulce de Leche Tregar 400g,287.0,400,626
7790787949670,Lácteos,Leche Chocolatada Ilolay Kids 1 L,278.0,400,627
7798338290493,Lácteos,Leche Chocolatada Las Tres Niñas 1000ml,250.0,400,628
7613287855046,Lácteos,Leche Chocolatada Nesquik  con mix de cacaos 200 ml,182.0,120,629
7799120000269,Lácteos,Leche Descremada Great Value 1000ml,135.0,340,630
7791058000816,Lácteos,Leche Descremada Manfrey 1000ml,216.0,380,631
7799120001020,Lácteos,Leche Entera Great Value 1000ml,135.0,380,632
7790787949649,Lácteos,Leche Entera Ilolay 1 L,179.0,320,633
7794396004515,Lácteos,Leche Entera La Suipachense 1000 ml,129.0,380,634
7798342713995,Lácteos,Leche Entera LV S&P 1000 ml,129.0,320,635
7791058000731,Lácteos,Leche Entera Manfrey 1000ml,245.0,380,636
7793913002447,Lácteos,Leche Entera Tregar 1 litro,136.875,380,637
7793913001822,Lácteos,Leche Entera Tregar 1000ml,276.83,380,638
7791241962464,Lácteos,Leche La Lácteo Entera Larga Vida 1 L,259.0,360,639
7613287312990,Lácteos,Leche Nido Forti Grow 800 grs,594.15,800,640
7793913012996,Lácteos,Leche Parcialmente Descremada Tregar 1000 cc,276.83,380,641
7798060850019,Lácteos,Manteca Tonadita 100 grs,227.9,330,642
7798060852648,Lácteos,Manteca Tonadita 100g,190.54,300,643
7791337005389,Lácteos,Queso Crema CasanCrem 290g,251.0,330,644
7793913013207,Lácteos,Queso Crema Clásico Tregar 190g,370.0,480,645
7790742373809,Lácteos,Queso Crema Cremón  Ligth La Serenísima 280g,224.0,330,646
7790742373908,Lácteos,Queso Crema Cremón Original La Serenísima 280g,224.0,330,647
7793913013214,Lácteos,Queso Crema Tregar 190g,426.81,550,648
QUESOCREMOSO,Lácteos,Queso Cremoso,700.0,900,649
7793913000139,Lácteos,Queso Rallado Tregar 40g,183.27,250,650
7793913013573,Lácteos,Yogourt Frutilla Tregar 900g,367.1,480,651
7793913013047,Lácteos,Yogur Entero Frutilla Tregar 1kg,300.0,480,652
7793913002348,Lácteos,Yogurt Entero Tops Tregar con Copos 164 grs,175.0,250,653
7793913013054,Lácteos,Yogurt Entero Vainilla 1 kg,300.0,480,654
7793913013535,Lácteos,Yogurt Entero Vainilla Vasito Tregar 125 grs,118.71,160,655
7793913013085,Lácteos,Yogurt Entero Vasito Frutilla Tregar 125g,118.71,160,656
7793913013092,Lácteos,Yogurt Entero Vasito Vainilla Tregar 125g,118.71,160,657
7793913013382,Lácteos,Yogurt Frutilla Tregar 900g,367.1,480,658
7793913013375,Lácteos,Yogurt Tregar Arándano 900g,367.1,480,659
7793913013528,Lácteos,Yogurt Tregar Frutilla 125g,118.71,160,660
76625297088,Librería,Adhesivo Vinilico Acuarel 50g,45.0,200,661
7791911246825,Librería,AFICHE 1 ,120.85,150,662
7795513044759,Librería,Birome Filgo azul 1,75.0,200,663
7795513044735,Librería,Birome Filgo negra 1,75.0,200,664
7798347081402,Librería,Biromes Candela Negra Trazo Medio,15.63,200,665
7754111000697,Librería,Bolígrafo Fabers Colors Trilux Violeta,65.33,200,666
6937550118074,Librería,Bolígrafo Koby Triangular Semi Gel Rojo,60.0,200,667
973457483220,Librería,Bolsa de Papel Grande 1,91.0,200,668
438606465555,Librería,Bolsa de Papel Vino 1,70.0,200,669
607702765,Librería,Borrador Lápiz Penguin,25.0,50,670
7793928100589,Librería,Broche MIT 21/6 1000u,157.0,250,671
7793928100701,Librería,Broche MIT 50 1000u,144.0,250,672
CARPETACOLGANTE,Librería,Carpeta Cogante,193.96,300,673
7791911243220,Librería,Cartulina  1,50.0,100,674
7791911243718,Librería,Cartulina  Color,77.58,120,675
6937550150869,Librería,Cinta Adhesiva Chica 1,56.0,200,676
556871436312,Librería,Cinta de Papel 50m 1,188.0,400,677
7798047120531,Librería,Cinta Empaque 24x50 AUCA,150.0,300,678
7896603804700,Librería,Cinta Scocht Adelbras,179.4,300,679
7792216675112,Librería,Cuaderno América Tapa Dura 42 hojas ,266.67,400,680
7792216854173,Librería,Cuaderno Espiralado  América x 80 hojas,450.0,600,681
7792216237617,Librería,Cuaderno T/ Blanda América x 24 hojas rayado,58.39,200,682
7792216238546,Librería,Cuaderno T/Blanda América x 48 hojas rayado,99.07,300,683
7793198722221,Librería,Escuadra 20 cm  - 45 ° Pizzini,102.98,200,684
7797711007970,Librería,Etiquetas autoadhesivas 2,38.0,50,685
7797711007895,Librería,Etiquetas autoadhesivas ojalillos 1,38.0,50,686
FOLIOA4,Librería,Folio A4 1,15.0,50,687
7796893000052,Librería,Folio Oficio 1,23.0,80,688
HOJASA4,Librería,Hojas A4,0.0,6,689
HOJASLEGAL,Librería,Hojas Legal,0.0,15,690
3270220004608,Librería,Lápices Bic 1,60.0,100,691
6950126120158,Librería,Lápiz Corrector Koby  Punta Metálica,75.52,300,692
6950126120134,Librería,Lápiz Corrector Koby 1,150.0,350,693
7796569014222,Librería,Mapa América del Norte N 3 Físico Político 1,15.0,80,694
7798126040231,Librería,Mapa América del Sur N 3 Político 1,15.0,80,695
7798126040569,Librería,Mapa América N 3 Físico Político 2,15.0,80,696
7798126040545,Librería,Mapa Argentina N 3 Físico Político 1,15.0,80,697
7798126040194,Librería,Mapa Argentina N 3 Político 2,15.0,80,698
7796569012518,Librería,Mapa del Chaco N 3 Político 1,15.0,80,699
7796569015618,Librería,Mapa Europa N 3 Físico Político 1,15.0,80,700
7796569014819,Librería,Mapa Islas Malvinas N 3  1,15.0,80,701
7796569015410,Librería,Mapa Planisferio N 3 Físico Político 1,15.0,80,702
7796569013911,Librería,Mapa Planisferio N 3 Político 1,15.0,80,703
6953070997838,Librería,Marcador Permanente negro 1,150.0,300,704
AFICHEREGALO,Librería,Papel Afiche Regalo 1,150.0,200,705
6922172009206,Librería,Papel Crepe Blanco 50 x 200 cm,83.27,200,706
6922172009091,Librería,Papel Crepe Celeste 50 x 200 cm,83.27,200,707
7796893000076,Librería,Papel Glacé Lustre 1,75.0,100,708
7796893000113,Librería,Papel Glacé Metalizado 1,75.0,100,709
7792564078344,Librería,"Papel Oficio 70 g 21,59 x 35,56 cm",3.0,10,710
1957310426,Librería,Papel Regalo Celofan 1,39.0,100,711
PAPELCELOFÁN,Librería,Papel Regalo Celofán 1,75.0,100,712
6998456600773,Librería,Pincel Chato x 3,80.0,200,713
6998456600766,Librería,Pincel Pelos x 3,60.0,150,714
7798252486750,Librería,Pouch A3 310 mm x 440 mm,188.54,500,715
6932711201103,Librería,Pouch A4 225 mm x 303 mm,116.71,350,716
7798252480031,Librería,Pouch Carnets  67x98 mm +76x110 mm + 90x130 mm,24.52,200,717
7798252486736,Librería,Pouch Oficio 225 mm x 362 mm,110.22,400,718
4027521515208,Librería,Regla 20 cm Koby,47.87,100,719
7792216402039,Librería,Repuesto 48 hojas Rayadas América ,138.32,300,720
7791762480423,Librería,Repuesto de hojas cuadriculada N° 3 Éxito 1,420.0,600,721
7796893001073,Librería,Repuesto de Papel para Dibujo Luma x 8 hojas N° 5,20.0,50,722
7796893001110,Librería,Repuesto de Papel para Dibujo Luma x 8 hojas N° 6,35.0,100,723
7792216004325,Librería,Repuesto Dibujo N°3 El Nene 1,15.0,50,724
REPUESTODIBUJOBLANCO5,Librería,Repuesto Dibujo N°5 El Nene 1,23.0,50,725
7791911100615,Librería,Repuesto Dibujo N°6 Muresco 1,30.0,50,726
7791762480126,Librería,Repuestro de hojas rayado N 3 Éxito 1,450.0,600,727
7798318373628,Librería,Resaltadores Litt 004 1,113.0,300,728
7792540294805,Librería,Resma A4,0.0,5,729
6934638425253,Librería,Sacabroches Nail Puller 1,188.0,250,730
6932949521367,Librería,Sacapuntas,30.0,50,731
4109516837,Librería,Silicona en Barra,38.0,80,732
7793876116700,Librería,Sobres comercial con fondo Obra 63 grs 1,38.0,100,733
7793876019018,Librería,Sobres comercial con fondo Obra 90 grs 1,53.0,100,734
7790000014055,Librería,Talonario Recibos 1,23.0,200,735
VALEPOR,Librería,Talonario Vale Por,100.0,300,736
7798159810559,Librería,Temperas Playcolor x 6,220.0,400,737
7798159810214,Librería,Tizas Blancas 3,3.33,10,738
77960863,Librería,Voligoma 30 ml,109.12,300,739
7797470005514,Mercadito,Aceite  de Girasol Marolio 900cc,242.0,500,740
7794870000057,Mercadito,Aceite  de Girasol Valderey  900 ml,443.0,550,741
7798316700808,Mercadito,Aceite  Legítimo de Girasol 900 ml,299.0,550,742
7794870000293,Mercadito,Aceite Alsamar 900 cc,409.99,550,743
7790199603931,Mercadito,Aceite de Girasol Morixe 900 ml,399.0,550,744
7792180137937,Mercadito,Aceite de Girasol Pureza 900ml,410.0,600,745
7792180138378,Mercadito,Aceite Mezcla Florencia 750ml,165.0,220,746
7797470197691,Mercadito,Agua Lavandina Esencial  1000ml,113.0,150,747
7798238110204,Mercadito,Agua Lavandina Limpiadín 1L,72.42,200,748
7793699045959,Mercadito,Agua Lavandina Sedilé,67.0,100,749
7794980901251,Mercadito,Ají Molido Yuspe 25g,49.11,150,750
7794980939131,Mercadito,Ajo Triturado Yuspe 50g,97.03,150,751
7790070411839,Mercadito,Arroz Gallo Oro 500g,105.0,140,752
7790387070019,Mercadito,Arroz Largo Fino María 1000g,160.0,250,753
7797470003701,Mercadito,Arroz Largo Fino Marolio 500g,48.0,100,754
7790070412126,Mercadito,Arroz Máximo Largo Fino  1 kg,297.0,380,755
7791120100109,Mercadito,Arroz Molinos Ala Grano Selecto 500 g,78.8,200,756
7792290000305,Mercadito,Arvejas Secas Remojadas Tarragona 340 grs,146.0,250,757
7790580127534,Mercadito,Azúcar Arcor 1000g,203.25,300,758
7798174970016,Mercadito,Azúcar Azucel 1 kg,448.99,550,759
7798332790012,Mercadito,Azúcar Común Tipo A 1 kg,350.0,450,760
7794980932255,Mercadito,Azúcar Impalpable 250g,161.0,300,761
754697524348,Mercadito,Azúcar La Estrella 1 Kg,268.0,360,762
7792540260138,Mercadito,Azúcar Ledesma x 1kg,215.0,300,763
7798094060019,Mercadito,Azúcar Los Cuatro 1 kg,160.0,300,764
7797470001394,Mercadito,Azúcar Marolio 1000g,203.0,300,765
7792900092805,Mercadito,Bicarbonato de Sodio 25 grs Dos Anclas,56.33,150,766
7790150430392,Mercadito,Bicarbonato de Sodio 50 grs Alicante,60.0,200,767
7790150310281,Mercadito,Boldo en saquitos,5.0,10,768
7790170924642,Mercadito,Boldo La Morenita ,9.0,20,769
7794459001109,Mercadito,Bolsas Consorcio 60 x 90 N°8 Reforzadas x 50,23.0,40,770
7798363300051,Mercadito,Bolsas de Consorcio 90 x 120,35.0,50,771
7794520865500,Mercadito,Café 5 Hispanos 5g,20.0,30,772
7790150101773,Mercadito,Café Instantáneo La Virginia Suave 100 grs,488.34,650,773
7790170903920,Mercadito,Café La Morenita 5g,23.5,40,774
7790170904767,Mercadito,Café La Morenita Frasco  100g,263.0,350,775
7790150079898,Mercadito,Café La Virginia 5g,25.35,40,776
7790150100172,Mercadito,"Café La Virginia Instantáneo Clásico 1,7g",20.0,40,777
7794000005754,Mercadito,"Caldo de Gallina knorr 12 u x 9,5 grs",17.56,30,778
7891000345344,Mercadito,Caldo de Gallina Maggi ,15.0,30,779
7891000105566,Mercadito,Caldo de Verduras,13.0,30,780
7891000345528,Mercadito,"Caldo de Verduras Maggi 12 u x 9,5 grs",12.5,30,781
7790127786910,Mercadito,Chimichurri Sabor Ahumado Vanoli 190g,149.05,300,782
7794980938837,Mercadito,Chimichurri Yuspe 25g,77.86,200,783
7790380023401,Mercadito,Chocolatada Toddy 180g,157.74,200,784
8445290194138,Mercadito,Chocolate Nesquik  Extra Cacao 300 grs,316.75,450,785
7791290792494,Mercadito,CIF Crema Multiuso 375 grs,153.0,230,786
7792900009339,Mercadito,Comino Molido Dos Anclas 50 grs,195.21,300,787
7790150490334,Mercadito,Condimento para pizza 25 grs Alicante,90.3,150,788
7791290790490,Mercadito,Crema Multiuso Original Cif 375g,150.0,200,789
7790520998217,Mercadito,"Desodorante de Ambiente Glade Caricias de Bebé 309,6 grs",229.0,400,790
7793253004231,Mercadito,Desodorante de Ambiente Poett  Lavanda 360ml,176.0,250,791
7500435216548,Mercadito,Detergente Magistral Limón 500 ml,448.99,700,792
7500435183970,Mercadito,Detergente Magistral Pureza Activa 500 ml,389.0,700,793
7500435170550,Mercadito,Detergente Magistral Rinde x 5 Marina 500ml,219.0,350,794
7791451071000,Mercadito,Dulce de Batata Ensnaola 500g,226.0,300,795
7790787949823,Mercadito,Dulce de Leche Ilolay Clásico 405 grs,289.0,450,796
7793046004042,Mercadito,Dulce de Membrillo Dulcor 500g,193.2,300,797
7798318340040,Mercadito,Durazno en mitades 485 grs,379.0,550,798
7798023691130,Mercadito,Duraznos en lata BONMAR 820G,230.0,550,799
7798342717146,Mercadito,Duraznos en lata BONMAR 820G,299.0,550,800
7798318340101,Mercadito,Duraznos en Mitades 820 grs,329.99,550,801
7798138551961,Mercadito,Duraznos Molto 820 grs,300.0,450,802
7790036948188,Mercadito,Edulcorante Si Diet 200ml,164.0,220,803
7790520009548,Mercadito,Espiral Fuyí Caja por 2,25.0,50,804
7790520010445,Mercadito,Espiral Raid Caja por 2,25.0,50,805
7790520010490,Mercadito,Espirales Fuyí 1,75.0,100,806
7794321073319,Mercadito,Esponja de acero 1,113.0,250,807
7793253038106,Mercadito,Esponja Mortimer 1,75.0,150,808
7891040001316,Mercadito,Esponja Scotch Brite 3M Amarilla,50.0,150,809
7891040221059,Mercadito,Esponja Scotch Brite 3M Lila,50.0,150,810
7797470000953,Mercadito,Fideo Codos Marolio 500g,79.0,120,811
7797470005477,Mercadito,Fideo Mostachol Liso Marolio 500g,79.0,120,812
7797470000977,Mercadito,Fideo Tirabuzón Marolio 500g,79.0,120,813
7794910056617,Mercadito,Fideos Codito Canale 500 grs,144.99,250,814
7798141970360,Mercadito,Fideos Mostacholes La Providencia 500 grs,132.5,250,815
7794910056600,Mercadito,Fideos Tallarines Canale 500 grs,144.99,300,816
7794910056556,Mercadito,Fideos Tirabuzones Canale 500 grs,144.99,250,817
7622300871550,Mercadito,Flan Sabor Vainilla Royal 60 grs,75.0,200,818
7790580131067,Mercadito,Gelatina Cereza Noel 25 grs,100.0,200,819
7792180139320,Mercadito,Harina 000 Cañuelas Ultra Refinada 1000g,98.0,130,820
7790220000067,Mercadito,Harina Leudante Corona de Trigo 1 kg,165.99,250,821
7790199000051,Mercadito,Harina Leudante Morixe 1000g,120.0,160,822
7792280000339,Mercadito,Hierbas Digesativas Cachamai,6.0,20,823
7794218106854,Mercadito,Jabón Argentino en pan 150 grs,79.0,100,824
7798372610035,Mercadito,Jabón Blanco en pan Astro 120 grs,84.0,150,825
7790990000991,Mercadito,Jabon de Tocador  Campos Verdes 120 grs Aromaterapia,131.0,230,826
7790990000984,Mercadito,Jabón de Tocador  Campos Verdes 120 grs Frescura,131.0,230,827
7794218000169,Mercadito,Jabón de Tocador  St. Tropez Brisa de Primavera 125 grs,118.99,200,828
7790990000960,Mercadito,Jabón de Tocador Campos Verdes 120 grs  Pausa,131.0,230,829
7790990000977,Mercadito,Jabón de Tocador Campos Verdes 120 grs Energía,131.0,230,830
7791293040608,Mercadito,Jabón de Tocador Rexona Antibacterial Fresh 90 grs,102.65,150,831
7791293041889,Mercadito,Jabón de Tocador Rexona Glicerina Hidratante Bamboo pack 375g 375,263.0,350,832
7794218106557,Mercadito,Jabón de Tocador St. Tropez  Hidratación Intensa 125 grs,118.99,200,833
7794218106533,Mercadito,Jabón de Tocador St. Tropez Armonía para vos 125 grs,118.99,200,834
7791290791787,Mercadito,Jabon en Polvo Ala 3 kg,1169.0,1800,835
7791290792036,Mercadito,Jabón Líquido Ala 3 Lts,1189.99,1800,836
7791290792791,Mercadito,Jabón Líquido Skip 3 Lts,1169.01,2200,837
7798372610028,Mercadito,Jabón Pan Blanco Astro  150 grs,85.0,150,838
7791620187242,Mercadito,Ketchup Dánica 220 grs,199.5,300,839
7794000004191,Mercadito,"Knorr Quick 12,6 grs",32.6,50,840
7794980908274,Mercadito,Laurel Triturado 25g,80.5,200,841
7792389000698,Mercadito,Limpiador Líquido Jardín Arpege,135.45,300,842
7792389000711,Mercadito,Limpiador Líquido Jardín Jazmín,135.45,300,843
7792389000315,Mercadito,Limpiador Líquido Jardín Jazmín Floral,135.45,300,844
7500435216562,Mercadito,Magistral 215ml,255.0,400,845
7500435183963,Mercadito,Magistral Limón Cremoso 500 ml,399.0,500,846
7798005730055,Mercadito,Maíz Pisingallo Albor 400g,128.88,250,847
7798049540368,Mercadito,Maiz Pisingallo La Abadía 400 g,128.88,250,848
7790199604051,Mercadito,Maíz Pisingallo Morixe 400g,128.0,250,849
7790387711820,Mercadito,Manzanilla Taragüi,5.0,20,850
7798023696555,Mercadito,Mate Cocido S&P 3g,3.3,10,851
7791866001203,Mercadito,Mayones Natura 250 cm3,212.5,350,852
17791620187218,Mercadito,Mayonesa Dánica x 8 ml,8.677,20,853
7794000006072,Mercadito,Mayonesa Hellmann´s Clásica 500 cm3,200.0,300,854
7794000006096,Mercadito,Mayonesa Helmans Clásica 125cc,83.49,120,855
7794000006065,Mercadito,Mayonesa Helmans Clásicas 237g,128.0,170,856
7791866001197,Mercadito,Mayonesa Natura 125 cc3,122.319,200,857
7793046008453,Mercadito,Mermelada de Damasco Dulcor 454grs,227.25,400,858
7793046008415,Mercadito,Mermelada de Durazno Dulcor 454grs,227.25,400,859
7798023691420,Mercadito,Mermelada de Durazno S&P 454g,143.0,400,860
7798023696616,Mercadito,Mermelada de Frutilla S&P 454g,157.0,400,861
7793046008446,Mercadito,Mermelada de Higo  Dulcor 454grs,227.49,400,862
7793046008439,Mercadito,Mermelada de Naranja Dulcor 454grs,216.92,400,863
7798107930070,Mercadito,Miel Prestigio 500g,407.0,650,864
7791620187280,Mercadito,Mostaza Dánica 220 grs,142.5,300,865
87791620187262,Mercadito,Mostaza Dánica x 8 ml,7.8125,20,866
8445290284112,Mercadito,Nesquik 6 años 180g,155.0,200,867
7794980910420,Mercadito,Nuez Moscada Yuspe 25 grs,141.32,250,868
7794980383125,Mercadito,Orégano Yuspe 10g,105.31,200,869
7798342717450,Mercadito,Papel Higiénico Bonux x 4 rollos x 50 mts ,92.25,150,870
7798342714633,Mercadito,Papel Higiénico Bonux x 4 rollos x 80 mtrs c/u,123.74,200,871
7793344904228,Mercadito,Papel Higiénico Elegante 4 x 80 mtrs,134.7475,180,872
7790250026013,Mercadito,Papel Higiénico Élite 6 x 30 mtrs,55.0,100,873
7790250018971,Mercadito,Papel Higiénico Higienol  50m,60.0,100,874
7790250019633,Mercadito,Papel Higiénico Higienol Doble hoja 30 mts ,69.75,100,875
7798130889178,Mercadito,Papel Higiénico Vual Clásico Blanco x 50 mts,77.772,100,876
7798130880175,Mercadito,Papel Higiénico Vual Max x 80 mts 320mts,335.0,450,877
7791070005103,Mercadito,Papel Higiénico x 80 mts Campanita XL,150.55,200,878
7797470003909,Mercadito,Papel Servilleta Marolio 1,53.0,100,879
7790150564844,Mercadito,Pimentón Alicante x 25 grs,98.46,200,880
7794980914503,Mercadito,Pimienta Blanca Yuspe 25g,113.0,200,881
7790199603207,Mercadito,Polenta Morixe 500 grs,85.62,200,882
7791290791701,Mercadito,"Polvo para Lavar Skip x 2,5 kg",1791.71,2200,883
7790130003097,Mercadito,Provenzal Menoyo 25 grs,63.43,150,884
7798132920350,Mercadito,Puré de Tomate Copa de Oro 520g,75.0,100,885
7790036973036,Mercadito,Puré de Tomate La Huerta 210g,102.84,150,886
7790036567440,Mercadito,Puré de Tomate La Huerta 530 grs,183.66,250,887
7797470000588,Mercadito,Puré de Tomate Marolio 520 grs,100.0,200,888
7792882000201,Mercadito,Queso  Rallado La Quesera 40 grs,96.5,150,889
7791058000199,Mercadito,Queso Rallado Manfrey 40 grs,169.0,250,890
7798023690195,Mercadito,Rollos de Cocina Bonux x 3 x 50 paños,76.33,150,891
7798130889383,Mercadito,Rollos de Cocina Cautiva 3x120 paños,60.974,100,892
7790072002080,Mercadito,Sal Fina  Corrediza Celusal 500g,69.0,200,893
7790072001014,Mercadito,Sal Fina Celusal 500 grs,111.65,200,894
7797470130308,Mercadito,Sal Fina Corrediza Marolio 500g,52.0,200,895
7792900000428,Mercadito,Sal Fina Dos Anclas 500g,75.0,200,896
7791620187341,Mercadito,Salsa Barbacoa Dánica 220 grs,187.6,300,897
7794980938547,Mercadito,Salsa Blanca Yuspe 40g,91.75,250,898
7790127789515,Mercadito,Salsa de Soja Vanoli 190g,159.15,300,899
7798050159214,Mercadito,Salsa Pizza CIALPIL 340 G,69.99,350,900
7790127782660,Mercadito,Salsa Pizza Vanoli,133.4,350,901
7790036020204,Mercadito,Si Diet 250 ml,249.167,350,902
7798023696425,Mercadito,Spaghetti S&P 500gs,92.0,300,903
7790199603474,Mercadito,Tallarín Morixe 500g,107.0,300,904
7798138553309,Mercadito,Tallarines Santa Isabel 500g,69.0,300,905
7790150340165,Mercadito,Te de Hierbas Menta Peperina 25 saquitos 25 grs,5.0,20,906
7790150330166,Mercadito,Té de Manzanilla x 25 Saquitos de 25g c/u,5.0,20,907
7790150331088,Mercadito,"Té Manzanilla con Anís x25 Saquitos de 37,5g c/u",7.0,20,908
7790150360262,Mercadito,Té Mezcla de Hierbas Naturales x 25 Saquitos de 35g c/u,7.0,20,909
7790387800142,Mercadito,Té Negro Taragui x 50 saquitos ,4.4,10,910
7790387800135,Mercadito,Té Taragûi 2g,4.0,10,911
6932290332384,Mercadito,Toothipick Lianjial,66.66,200,912
7798136921759,Mercadito,Trapo de Piso Blanco Media Naranja 1,162.0,300,913
7798023698832,Mercadito,Trapo de Piso Tejido Gris Bonux 1,109.0,300,914
7798130560503,Mercadito,Velas La Promesa x 4,62.0,200,915
7792900093024,Mercadito,Vinagre de Alcohol Dos Anclas 500ml,75.0,200,916
7790130000058,Mercadito,Vinagre de Alcohol Menoyo 1 L,188.0,400,917
7790130000645,Mercadito,Vinagre de Alcohol Menoyo 250 ml,68.99,200,918
7792710000175,Mercadito,Yerba Amanda Tradicional 1000 grs,489.0,670,919
7792710000038,Mercadito,Yerba Amanda Tradicional 250g,180.0,400,920
7790387015317,Mercadito,Yerba Mañanita 1000g,488.0,700,921
7797470000090,Mercadito,Yerba Marolio Tradicional 500g,195.0,550,922
7790710334535,Mercadito,Yerba Mate CBC 500g,296.69,550,923
7790710334580,Mercadito,Yerba Mate CBSé Naranja 500 grs,300.0,550,924
7790387015324,Mercadito,Yerba Mate Mañanita 500g,402.38,550,925
7797470006030,Mercadito,Yerba Mate Marolio 250g,132.0,420,926
7793704000249,Mercadito,Yerba Mate Playadito 250 grs,254.81,400,927
7793704000911,Mercadito,Yerba Mate Playadito 500g,407.0,550,928
7790411001941,Mercadito,Yerba Mate Rosamonte 1000g,500.0,750,929
7790411001958,Mercadito,Yerba Mate Rosamonte 500 grs,355.0,550,930
7790387013627,Mercadito,Yerba Mate Taragui 500g,284.0,550,931
7790387014631,Mercadito,Yerba Mate Unión 250 grs,242.0,420,932
7790387014624,Mercadito,Yerba Mate Unión 500g,284.0,550,933
7790070506696,Mercadito,Yerba Nobleza Gaucha Suave 500g,195.0,550,934
7793704000928,Mercadito,Yerba Playadito 1000 grs,499.0,670,935
7790802000010,Mercadito,Yerba Romance 500g,340.0,550,936
7790411001507,Mercadito,Yerba Rosamonte Plus 500 grs,299.17,550,937
7790387013634,Mercadito,Yerba Taragüí 250g,242.0,420,938
moñoescolar,Merceria,Moños escolares,120.0,250,939
vinchablanca,Merceria,Vinchas Blancas,170.0,350,940
ALFILERES,Mercería,Alfileres cabeza metalizada 1,188.0,250,941
102015002748,Mercería,Canastita de agujas 1,150.0,200,942
CINTAMÉTRICA,Mercería,Cinta Métrica 1,225.0,300,943
HILODECOSER,Mercería,Hilo de Coser 1,113.0,300,944
ALFAJORESDEMAIZENA,Panificado,Alfajores de Maizena x 6 unidades,150.0,250,945
7798094222806,Panificado,Budín Buon Natale con Frutas 170 grs,150.0,250,946
7798094222820,Panificado,Budín Buon Natale Marmolado 170 grs,150.0,250,947
7791704000030,Panificado,Budín Con Frutas Las Colonias,245.0,350,948
7798094222318,Panificado,Budín Fantasía Chocolate 160g,235.41,300,949
7791704000047,Panificado,Budín Sin Frutas Las Colonias,245.0,350,950
7798126071631,Panificado,Budín Valenciano 170 grs,100.0,200,951
2496540149008,Panificado,Pan de Hamburguesa x 4,150.0,250,952
7798094221120,Panificado,Pan Dulce Buon Natale 400 grs,250.0,350,953
7797648000983,Panificado,Pan Dulce Don Lorenzo Chips de Chocolate 400 grs,351.29,500,954
7791708001842,Panificado,Pan Dulce Fruticolor 400g,235.0,300,955
7791704401295,Panificado,Pan Dulce Milanés Las Colonias 400 grs,362.48,500,956
7791704401271,Panificado,Pan Dulce Milanés Las Colonias 600 grs,563.69,700,957
7795293601296,Panificado,Pan Hambuerguesas c/sésamo x 4 unidades Don Yeyo,188.8133,250,958
7799054015612,Panificado,Pan Hambuerguesas ROYAL x4,176.0,250,959
7793890258165,Panificado,Pan Lactal 335g,229.0,300,960
7793890258202,Panificado,Pan Lactal Salvado 350g,291.0,380,961
7795293202103,Panificado,Pan Lacteado 360 grs Don Yeyo,279.48333,350,962
7795379100583,Panificado,Pan Panchos ROYAL x6,176.0,250,963
7793890258134,Panificado,Pan para Hamburguesas Lactal 210 grs,234.8333,320,964
2262040000008,Panificado,Pan para pancho x 6,149.0,250,965
7793890258127,Panificado,Pan para Panchos Lactal 210 grs,234.8333,320,966
7795293203209,Panificado,Pan para Panchos x 6 x 210 grs Don Yeyo,188.815,250,967
7790150812761,Panificado,PAN x Gramos,290.0,390,968
PEBETES,Panificado,Pebete Jamón y queso,150.0,300,969
7798142880088,Panificado,Pre-Pizza 1u,100.0,200,970
7795293000174,Pastas,Ravioles 4 Quesos Don Yeyo 500g,357.195,500,971
7795293106333,Pastas,Ravioles con Ricota DeViano 500g,350.93,460,972
7795293106319,Pastas,Ravioles Ricota Don Yeyo 500g,350.93,460,973
7798055591064,Pastas,Tapas p/ Empanadas Plus Ultra x 12 u,107.42,200,974
7795293000020,Pastas,Tapas Para Empanadas Criollas Don Yeyo 330g,108.972,200,975
7795293101314,Pastas,Tapas Para Pascualinas Hojaldre Don Yeyo 400g,237.822,350,976
2009008519994,Regalería,Bombilla Pop Naranja ,200.0,400,977
7798094905549,Regalería,Botella Decorativa con Tapa 1 L,500.0,650,978
2004047049990,Regalería,Botella Kivi 600 ml Rosa,380.0,500,979
2004052179996,Regalería,Botella Kiwi 600 ml Lila,380.0,500,980
2005249200004,Regalería,"Botellón Fresh 1,5 L",600.0,700,981
7798310621611,Regalería,Canasto N° 1 Blanco,400.0,500,982
7798310621338,Regalería,Canasto N°1  Celeste,400.0,500,983
2004026829995,Regalería,Canasto Organizador Alhambre Rosa,400.0,500,984
6960184200211,regalería,Cantimplora Infantil,690.0,950,985
6905402046691,Regalería,Carameleras Pláticas 1,450.0,600,986
2004047399996,Regalería,Colador  Suki Rosa,500.0,600,987
2004047389997,Regalería,Colador Suki Lima ,500.0,600,988
7791822688714,Regalería,Copa Noruega Cerveza 1,300.0,400,989
7791822689193,Regalería,Copón Gourmet 1,338.0,450,990
2004007300000,Regalería,Cornets Blancos x 3,400.0,500,991
840263179304,Regalería,Guantes 5.11 con Nudillos 1,1100.0,1500,992
161048950760,Regalería,Guantes 5.11 Sin Nudillos 1,750.0,1100,993
641148418668,Regalería,Guantes Fox para Moto 1,690.0,1100,994
372503555950,Regalería,Guantes Lana Gris y Negro Fashion 1,160.0,400,995
151271618898,Regalería,Guantes Lana Negro Fashion Gloves 1,120.0,400,996
958507688203,Regalería,Guantes para BB Children 1,220.0,400,997
103799064873,Regalería,Guantes Tricolor Ladies Luxury 1,220.0,500,998
6985211197173,Regalería,Hieleras Pláticas 1,488.0,700,999
2004002300005,Regalería,Huevera Para Microondas,400.0,500,1000
LLAVEROCORAZON,Regalería,Llavero Corazón,188.0,350,1001
677856478621,Regalería,Manoplas Nena con Strass 1,150.0,400,1002
2009008549991,Regalería,Mate Click Naranja ,400.0,500,1003
225235970674,Regalería,Mate Forrado Chico 1,160.0,400,1004
488601286940,Regalería,Mate Forrado Grande 1,350.0,500,1005
669051334266,Regalería,Mate Porongo Chico 1,210.0,300,1006
643635739202,Regalería,Mate Porongo Grande 1,350.0,400,1007
2004051689991,Regalería,Molde p/ Helado x 4 Aqua Rosa,400.0,500,1008
2004051699990,Regalería,Molde p/ Helado x 4 Aqua Verde,400.0,500,1009
101700838075,Regalería,Moños para regalos 1,15.0,20,1010
2851047319,Regalería,Moños para regalos 1,4.9,10,1011
7798053232297,Regalería,Repasador Sargado,250.0,400,1012
7798053222250,Regalería,Repasador Sargado,250.0,400,1013
2004051439992,Regalería,Ser x 2 utensilios p/ ensaladas Iris,400.0,500,1014
2004051299992,Regalería,Set Coladores x 2,400.0,500,1015
2004051469999,Regalería,Tarro Azucarero 1800 ml,500.0,650,1016
2004046259994,Regalería,Tarro para Azúcar 1800 ml,500.0,600,1017
2004046279992,Regalería,Tarro para Cereales 1800 ml,500.0,600,1018
2004046249995,Regalería,Tarro para Galletitas 1800 ml,500.0,600,1019
2004046269993,Regalería,Tarro para Yerba 1800 ml,500.0,600,1020
2004051459990,Regalería,Tarro Yerbero 1800 ml,500.0,650,1021
7891240037726,Regalería,Vaso Chopero 1,525.0,700,1022
7798094905259,Regalería,Vaso de Boca Juniors,550.0,700,1023
7798094905242,Regalería,Vaso de River Plate,550.0,700,1024
6901022302315,Regalería,Vaso infantil Exprimidor,490.0,700,1025
6987742302378,Regalería,Vaso Pico Sorbete,290.0,400,1026
7791822689896,Regalería,Vaso Pinta Deco Cerveza 1,375.0,500,1027
7790310984277,Snack,3D 151g,300.0,400,1028
7790310985113,Snack,3D 43g,156.48,250,1029
7790310984253,Snack,3D 47g,123.0,200,1030
7790310985120,Snack,3D 92g,384.6,500,1031
7790310984260,Snack,3D Original Queso 95 grs,238.47,320,1032
7798169800663,Snack,Aritos Frutados Lasfor 160g,112.0,180,1033
77965387,Snack,Barrita de Cereal Yogurt y Frutilla ,77.034,100,1034
7792170001118,Snack,Barritas de Cereal Chispas 30 grs Quaker,61.95,100,1035
7792170555086,Snack,Barritas de Cereal Frutilla 30 grs Quaker,61.95,100,1036
7792170001101,Snack,Barritas de Cereal Mousse de Chocolate 30 grs Quaker,61.95,100,1037
7798169800670,Snack,Bolitas Chocolatadas Lasfor 1,126.0,200,1038
7793165000451,Snack,Chizitos OVNI 50g,48.0,150,1039
6934274168040,Snack,Chizitos x 100 grs,60.0,150,1040
7790070413178,Snack,Chocobar de arroz 20 grs,93.33,130,1041
7892840817619,Snack,Doritos  140g,315.0,420,1042
7790310984185,Snack,Doritos 45g,156.48,250,1043
7790310984192,Snack,Doritos Sabor Queso 85 grs,423.0,550,1044
7790380020271,Snack,Flow Cereal Avellanas Arándanos con Miel 30g,103.72,180,1045
7790310985076,Snack,Lay's Cheddar 85g,264.0,350,1046
7790310984000,Snack,Lay's Clásicas 145g,576.92,730,1047
7790310984017,Snack,Lay's Clásicas 249g,458.0,600,1048
7790310983997,Snack,Lay's Clásicas 45g,192.3,250,1049
7790310984031,Snack,Lay's Clásicas 94g,264.0,400,1050
7793165000499,Snack,Maíz Inflado OVNI 50g,48.0,150,1051
7798151950451,Snack,Maní King Salado Sin Piel 120g,133.41,180,1052
MANISALADO,Snack,Maní salado - pelado  a granel 250g,300.0,150,1053
7790400010503,Snack,Maní salado - pelado  a granel 250g,240.0,350,1054
7790070411952,Snack,Oblea de arroz 20 grs,93.33,130,1055
7793165000376,Snack,Palios Salados OVNI 150g,114.0,200,1056
7798187211311,Snack,Papas Clásicas Quento 100 grs,270.0,400,1057
7798187210024,Snack,Papas Clásicas Quento 50 grs,78.0,200,1058
7798187210178,Snack,Papas Pay QUENTO 110g,200.0,300,1059
7798187211281,Snack,Papas Quento  Jamón Serrano 90 g,288.93,400,1060
7798187211304,Snack,Papas Quento  Ketchup 90 g,288.93,400,1061
7798187211649,Snack,Papas Quento Cebolla y Queso 45g,111.505,200,1062
7798187211410,Snack,Papas Quento Clásicas Asado Criollo,288.93,400,1063
7798187211571,Snack,Papas Quento Sabor Crema y Ciboulette 90 gr,288.93,400,1064
7793165000154,Snack,Puflito ,41.0,150,1065
7798073621071,Snack,Semillas de Girasol Tostadas y Saladas 40 grs,37.5,80,1066
7798125810750,Snack,Tostex Barbacoa 125g,113.0,150,1067
7798125810767,Snack,Tostex Sabor Cheddar 125g,113.0,150,1068
7798125810385,Snack,Tostex Sabor Pizza 125g,113.0,150,1069
7793165000888,Snack,Tutuca,48.0,150,1070
263375940889,Snack,Tutuca 100 grs 1,70.0,100,1071
793020229053,Snack,Tutuca 80 grs 1,59.0,80,1072
7790310984468,Snack,Twistos Jamón Ibérico 100g,369.23,480,1073
7790310984451,Snack,Twistos Jamón Ibérico 40g,184.6,240,1074
7790310984420,Snack,Twistos Queso 40g,173.08,250,1075
7792758260500,Soda,Agua Mineral con Gas Bio Sports 500 cc,62.5,100,1076
7790895647796,Soda,Soda Benedictino 2000ml,92.0,200,1077
7790895647710,Soda,Soda Benedictino 2000ml.,55.0,200,1078
7792799000035,Soda,Soda Eco de los Andes 500ml,65.0,100,1079
7798104160326,Soda,Soda Kapuy x 2000ml,100.0,200,1080
7798065730040,Soda,Soda Sierra de los Padres  500ml,75.0,100,1081
7792758372432,Soda,Soda Sifón Secco 2 L,218.75,300,1082
7793653230483,Soda,Soda Torasso 2000ml,113.0,150,1083
7798178040029,Soda,Soda Vitalissima 2000ml,203.12,300,1084
7798104160487,Soda,Soda Wolfs 2 L,141.66,200,1085
7794122013071,Varios,Adhesivo de Contacto POXI-ran 1,359.0,600,1086
2004005400009,Varios,Apoya Celular FOONU,200.0,300,1087
7798362410195,Varios,Barbijos 1,75.0,100,1088
7795618001244,Varios,Bolsas camisetas 40 x 50,250.0,350,1089
BOLSASSUELTAS,Varios,Bolsas camisetas 40 x 50,3.0,5,1090
27790895643822,Varios,Bolsas Camisetas 50x70 ,11.04,20,1091
7796348020222,Varios,Bolsas de Residuos Consorcio ADN Polimundi 60x90x10 unidades,15.7,25,1092
7796348023018,Varios,Bolsas Residuos Polimundi x 10 u / 60x90 Baja Densidad,26.31,40,1093
7798056090016,Varios,Bolsas residuos Polimundi x 10 u /80x100 Alta densidad,31.4,40,1094
7368591024,Varios,Bombilla grande Piedra,270.0,400,1095
686108507949,Varios,BOMBILLA MATE ESPIRALADA 1,260.0,500,1096
442457825716,Varios,BOMBILLA MATE RUBÍ CORTA 1,210.0,400,1097
439687811909,Varios,BOMBILLA MATE RUBÍ LARGA 1,210.0,450,1098
184070755938,Varios,BOMBILLA TERERÉ 1,105.0,150,1099
2004042309990,Varios,Botella Pinguinito Celeste 300 ml,300.0,400,1100
2004042279996,Varios,Botella Pinguinito Rosa 300 ml,300.0,400,1101
7792783000553,Varios,Cartas de Loba Hachazo 1,380.0,600,1102
7792783000515,Varios,Cartas de Truco Hachazo 1,190.0,400,1103
5512121180,Varios,Cartas FIFA WORLD CUP,150.0,300,1104
836839406070,Varios,Chip  1,38.0,100,1105
7798039290310,Varios,Cinta Aisladora de PVC,120.0,200,1106
7793699002273,Varios,Desodorante para Piso Sedilé Flor de Irupé,75.0,120,1107
7793699045713,Varios,Desodorante para Piso Sedilé Lavanda,75.0,120,1108
41333666860,Varios,Duracell AA,37.0,200,1109
41333045405,Varios,Duracell AA,178.0,250,1110
41333045412,Varios,Duracell AAA,150.0,200,1111
6902004095218,Varios,Encendedor Candela 1,128.57,200,1112
7790129100158,Varios,Encendedor Fuegolandia,129.0,200,1113
escarapelacinta,Varios,Escarapela de cinta celeste y blanca,50.0,100,1114
escarapelahilo,Varios,Escarapela Tejida hilo,150.0,300,1115
ESCARAPELACROCHET,Varios,Escarapelas a crochet 1,210.0,300,1116
ESCARAPELAMOÑO,Varios,Escarapelas moños de cinta 1,38.0,50,1117
ESCARAPELA,Varios,Escarapelas simple de cinta 1,23.0,50,1118
4058075776517,Varios,Focos Ledvance 9 W = 75 W,193.52,300,1119
4058075498280,Varios,Focos Osram 12 w  =  90 W,243.51,350,1120
4058075498082,Varios,Focos Osram 5 w = 40 W,149.63,250,1121
4058075498228,Varios,Focos Osram 9 w 1,113.0,200,1122
2006056000016,Varios,Gorros Navideños,100.0,400,1123
HIELOCHICO,Varios,Hielo Botella Chica 1,0.0,100,1124
HIELOGRANDE,Varios,Hielo Botella Grande 1,0.0,150,1125
JUEGOLOTERIA,Varios,Juego Loteria Número Plásticos,190.0,400,1126
77917188,Varios,La Gotita 1,343.19,450,1127
3057067267256,Varios,Liyo Caja 50,103.16,200,1128
30042452,Varios,Liyo X2 2,2.5,2.5,1129
B1NG0,Varios,Loteria Familiar 1,375.0,700,1130
7500435183826,Varios,Magistral Marina 215ml,147.0,180,1131
1965381024,Varios,Mate Tereré Argentina,380.0,500,1132
3857691102,Varios,Mate Vidrio Deco,480.0,700,1133
7792783000416,Varios,Naipes Hachazo Truco,190.0,400,1134
7799111033474,Varios,Pilas AA A Philco Alcalina x 4,133.75,200,1135
39800099099,Varios,Pilas AAA Energizer,146.4,200,1136
12800185078,Varios,PILAS DOBLE A 1,84.0,200,1137
8999002671962,Varios,Pilas Energizer Alcalinas AA4,145.0,200,1138
8999002672068,Varios,Pilas Energizer Alcalinas AAA1,178.0,250,1139
7501037600056,Varios,Pilas Eveready AA1,82.47,200,1140
161251866949,Varios,PILAS TRIPLE A 1,70.0,200,1141
7798160835473,Varios,Pintura Argentina,220.0,300,1142
6927433612157,Varios,Pinza de depilar 1,150.0,200,1143
7556956818112,Varios,Poker Naipes Loba Caja,390.0,600,1144
6950126120141,Varios,PORTA TARJETA BUS 1,38.0,100,1145
7790250056843,Varios,Rollo de Cocina Sussex 50,115.666,150,1146
6958470112300,Varios,Tabla Picadora 1,338.0,500,1147
TARJETASUBE,Varios,Tarjeta Sube,600.0,900,1148
7798271928309,Varios,Tazos Coleccionables del Mundial 2022,120.0,300,1149
TERMOAMIGO,Varios,Termo Lumilagro Amigo con asa x 1 litro,1039.0,1800,1150
7793015102700,Varios,Termo Lumilagro Super Térmica con asa x 1 litro,1190.0,2000,1151
6231591048,Varios,Vaso Sorbete Argentina,180.0,350,1152
7794218100241,Varios,Velas Amanecer 1,53.0,150,1153
7798090852533,Vino,AIMÉ Malbec 750 ml,640.01,750,1154
7790240017045,Vino,Alaris Malbec 750ml,630.0,750,1155
7790240042108,Vino,Alma Mora Malbec 750ml,850.0,950,1156
7790093521782,Vino,Cafayate Malbec 750 ml,600.0,700,1157
7790314011252,Vino,Canciller Blend 1125ml,329.0,500,1158
7790415131279,Vino,Circus Dulce Terroir 750ml,364.0,650,1159
7790168000488,Vino,Colon Cabernet Sauvignon 750ml,238.0,500,1160
7798159947989,Vino,Cordero Piel de Lobo Malbec 2022 750ml,575.83,900,1161
7791540047862,Vino,DADA Malbec 750ml,710.0,850,1162
7790314001475,Vino,Dilema Blanco 750ml,818.0,950,1163
7790314008191,Vino,Dilema No Hay Tal Tinto ,818.0,950,1164
7790314005718,Vino,Dilema No Hay Tal Tinto Dulce,818.0,950,1165
7790314005084,Vino,Dilema Rosé Dulce 750ml,818.0,950,1166
7790703100321,Vino,Don Valentín Lacrado 750ml,670.0,800,1167
7791540049910,Vino,El Bautismo Malbec 750ml,294.0,700,1168
7790314075261,Vino,Estancia de Mendoza Cabernert Malbec 750 ml,603.0,750,1169
7790314075438,Vino,Estancia de Mendoza Malbec 750ml,590.0,700,1170
7790314070754,Vino,Estancia de Mendoza Malbec Cabernet 1125 ml,777.47,870,1171
7790314076855,Vino,Estancia de Mendoza Syrah Malbec 750 ml,539.76,650,1172
7790314066436,Vino,Estancia Mendoza Cabernet Malbec 1125ml,777.47,870,1173
7790314006029,Vino,Estancia Mendoza Chenin Chardonnay 750ml,590.0,700,1174
7791670027086,Vino,Federico de Alvear Blanco Dulce 750 ml,617.0,750,1175
7797942000269,Vino,Finca Natalina Syrah Malbec 750cc,230.0,400,1176
7790070779014,Vino,Fran Nieto Senetiner Cabernet Sauvignon 750ml,350.0,650,1177
7798001610368,Vino,Hormiga Negra Malbec 750ml,210.0,500,1178
7790314010200,Vino,Kadabra Malbec 750 ml,585.0,800,1179
7790984002543,Vino,Marquéz del Sur Blend Magnum 1125ml,450.0,600,1180
7790717152002,Vino,Novecento Malbec,533.33,700,1181
7795232000524,Vino,Otro Loco Más Malbec 750 cc,440.0,750,1182
7798159943615,Vino,Perro Callejero Blend de Malbec 750 ml,885.0,1400,1183
7791728000146,Vino,Santa Julia Cabernet Sauvignon 750ml,800.0,950,1184
7790314063848,Vino,Toro Blanco Tetra 1 Litro,432.6,550,1185
7790314063824,Vino,Toro Tetra Pack x 1000 cc,400.0,520,1186
7790314074219,Vino,"Toro Tinto 1,125 ml",630.0,750,1187
7790314005305,Vino,Toro Viejo Clásico Tinto 1125ml,656.78,750,1188
7798039590151,Vino,Tribu Malbec 750 ml,603.0,730,1189
7790975000312,Vino,Valmont 750ml,420.0,750,1190
7791843008294,Vino,Viñas de Balbo 1125ml,583.33,680,1191
7798001610320,Vino,Vino de Marte Malbec 750 cc,430.0,800,1192
7790314003226,Vino,Vino Toro Clásico Tinto 750 cc,430.82,550,1193
7799054003931,Cigarrillo,Sueltos $10,0.0,20,231
